🚀 Shard 4/4 | Browser: GEMINI | Port: 9225
⏳ Pending questions in this shard: 1169
🔗 Connecting to Chrome over CDP on port 9225...
🌐 Verifying page is on gemini...
🧭 Navigating page to https://gemini.google.com/app...

[1/1169] Generating answer for: 1407.7906_Q04
  Q: What are the three main approaches deep learning methods have historically relied on to propagate tr...
❌ Send button not found. Skipping...
🔄 Starting a fresh chat session to prevent context drift and browser lag...

[2/1169] Generating answer for: 1407.7906_Q08
  Q: In the context of a deterministic encoder, as described by Equation (8), what condition must be met ...
❌ Send button not found. Skipping...
🔄 Starting a fresh chat session to prevent context drift and browser lag...

[3/1169] Generating answer for: 1407.7906_Q13
  Q: What is a potential issue with sampling from denoising auto-encoders if the amount of corruption is ...
Dismissing GEMINI popup modal using selector: div[role="dialog"] button:has-text("Got it")
❌ Send button not found. Skipping...
🔄 Starting a fresh chat session to prevent context drift and browser lag...

[4/1169] Generating answer for: 1408.5882_Q03
  Q: What are the fixed hyperparameters used across all datasets for the CNN model, as determined by a gr...
Dismissing GEMINI popup modal using selector: button:has-text("Got it")
❌ Send button not found. Skipping...
🔄 Starting a fresh chat session to prevent context drift and browser lag...

[5/1169] Generating answer for: 1408.5882_Q08
  Q: Based on Figure 1, where is dropout applied in the model architecture?...
Dismissing GEMINI popup modal using selector: button:has-text("Got it")
Dismissing GEMINI popup modal using selector: button:has-text("OK")
❌ Send button not found. Skipping...
🔄 Starting a fresh chat session to prevent context drift and browser lag...

[6/1169] Generating answer for: 1408.5882_Q12
  Q: What does Equation (1) represent in the context of the model?...
⏳ Monitoring response stream...
  ✓ Answer generated successfully (Length: 74)
🔄 Starting a fresh chat session to prevent context drift and browser lag...
⚠️ Failed to open fresh chat: Page.goto: Target page, context or browser has been closed

[7/1169] Generating answer for: 1409.3215_Q01
  Q: What is the main limitation of Deep Neural Networks (DNNs) that the proposed method addresses?...
❌ Input element not found. Retrying in 5 seconds...
❌ Skip: Could not find input text area.
🔄 Starting a fresh chat session to prevent context drift and browser lag...
⚠️ Failed to open fresh chat: Page.goto: Target page, context or browser has been closed

[8/1169] Generating answer for: 1409.3215_Q05
  Q: According to Figure 1, what is the purpose of the special end-of-sentence token in the model?...
❌ Input element not found. Retrying in 5 seconds...
❌ Skip: Could not find input text area.
🔄 Starting a fresh chat session to prevent context drift and browser lag...
⚠️ Failed to open fresh chat: Page.goto: Target page, context or browser has been closed

[9/1169] Generating answer for: 1409.3215_Q09
  Q: What was the BLEU score achieved by the baseline SMT system on the WMT'14 English to French test set...
❌ Input element not found. Retrying in 5 seconds...
❌ Skip: Could not find input text area.
🔄 Starting a fresh chat session to prevent context drift and browser lag...
⚠️ Failed to open fresh chat: Page.goto: Target page, context or browser has been closed

[10/1169] Generating answer for: 1409.3215_Q13
  Q: In Equation (1), how is each p(yt|v, y1, ..., yt-1) distribution represented?...
❌ Input element not found. Retrying in 5 seconds...
❌ Skip: Could not find input text area.
🔄 Starting a fresh chat session to prevent context drift and browser lag...
⚠️ Failed to open fresh chat: Page.goto: Target page, context or browser has been closed

[11/1169] Generating answer for: 1409.7770_Q02
  Q: What are the two main types of machine learning tasks discussed in the paper?...
❌ Input element not found. Retrying in 5 seconds...
❌ Skip: Could not find input text area.
🔄 Starting a fresh chat session to prevent context drift and browser lag...
⚠️ Failed to open fresh chat: Page.goto: Target page, context or browser has been closed

[12/1169] Generating answer for: 1409.7770_Q06
  Q: In Figure 1, what type of crystals are used to produce two entangled photon pairs?...
❌ Input element not found. Retrying in 5 seconds...
❌ Skip: Could not find input text area.
🔄 Starting a fresh chat session to prevent context drift and browser lag...
⚠️ Failed to open fresh chat: Page.goto: Target page, context or browser has been closed

[13/1169] Generating answer for: 1409.7770_Q10
  Q: In Figure S1d, after the introduction of a new training vector R3, which specific testing vector had...
❌ Input element not found. Retrying in 5 seconds...
❌ Skip: Could not find input text area.
🔄 Starting a fresh chat session to prevent context drift and browser lag...
⚠️ Failed to open fresh chat: Page.goto: Target page, context or browser has been closed

[14/1169] Generating answer for: 1409.7770_Q14
  Q: What is the initial polarization-entangled state used in the experiment, as represented by Equation ...
❌ Input element not found. Retrying in 5 seconds...
❌ Skip: Could not find input text area.
🔄 Starting a fresh chat session to prevent context drift and browser lag...
⚠️ Failed to open fresh chat: Page.goto: Target page, context or browser has been closed

[15/1169] Generating answer for: 1412.0233_Q03
  Q: What are the definitions of the 'mass of the network' (Ψ) and the 'size of the network' (N) as provi...
❌ Input element not found. Retrying in 5 seconds...
❌ Skip: Could not find input text area.
🔄 Starting a fresh chat session to prevent context drift and browser lag...
⚠️ Failed to open fresh chat: Page.goto: Target page, context or browser has been closed

[16/1169] Generating answer for: 1412.0233_Q07
  Q: How do the distributions of scaled test losses for spin-glass and neural network experiments, as sho...
❌ Input element not found. Retrying in 5 seconds...
❌ Skip: Could not find input text area.
🔄 Starting a fresh chat session to prevent context drift and browser lag...
⚠️ Failed to open fresh chat: Page.goto: Target page, context or browser has been closed

[17/1169] Generating answer for: 1412.0233_Q11
  Q: What does the observed trend in Pearson correlation in Table 1 suggest about the relationship betwee...
❌ Input element not found. Retrying in 5 seconds...
❌ Skip: Could not find input text area.
🔄 Starting a fresh chat session to prevent context drift and browser lag...
⚠️ Failed to open fresh chat: Page.goto: Target page, context or browser has been closed

[18/1169] Generating answer for: 1412.0233_Q15
  Q: In Equation (5), what does YN represent, and what does the index N refer to?...
❌ Input element not found. Retrying in 5 seconds...
❌ Skip: Could not find input text area.
🔄 Starting a fresh chat session to prevent context drift and browser lag...
⚠️ Failed to open fresh chat: Page.goto: Target page, context or browser has been closed

[19/1169] Generating answer for: 1412.5474_Q04
  Q: What are the three datasets used to test the classification accuracy of the flattened model?...
❌ Input element not found. Retrying in 5 seconds...
❌ Skip: Could not find input text area.
🔄 Starting a fresh chat session to prevent context drift and browser lag...
⚠️ Failed to open fresh chat: Page.goto: Target page, context or browser has been closed

[20/1169] Generating answer for: 1412.5474_Q08
  Q: According to Figure 7a and 7b, how much faster is the feedforward pass of the flattened model compar...
❌ Input element not found. Retrying in 5 seconds...
❌ Skip: Could not find input text area.
🔄 Starting a fresh chat session to prevent context drift and browser lag...
⚠️ Failed to open fresh chat: Page.goto: Target page, context or browser has been closed

[21/1169] Generating answer for: 1412.5474_Q12
  Q: In Equation (1), what do C, X, Y, and F represent in the context of the 4-dimensional filters W?...
❌ Input element not found. Retrying in 5 seconds...
❌ Skip: Could not find input text area.
🔄 Starting a fresh chat session to prevent context drift and browser lag...
⚠️ Failed to open fresh chat: Page.goto: Target page, context or browser has been closed

[22/1169] Generating answer for: 1412.6544_Q01
  Q: What is the main conclusion of the paper regarding the optimization problems of state-of-the-art neu...
❌ Input element not found. Retrying in 5 seconds...
❌ Skip: Could not find input text area.
🔄 Starting a fresh chat session to prevent context drift and browser lag...
⚠️ Failed to open fresh chat: Page.goto: Target page, context or browser has been closed

[23/1169] Generating answer for: 1412.6544_Q05
  Q: What was the average number of mistakes on the MNIST test set for the adversarially trained maxout n...
❌ Input element not found. Retrying in 5 seconds...
❌ Skip: Could not find input text area.
🔄 Starting a fresh chat session to prevent context drift and browser lag...
⚠️ Failed to open fresh chat: Page.goto: Target page, context or browser has been closed

[24/1169] Generating answer for: 1412.6544_Q09
  Q: According to the left column of Figure 1, what is the general shape of the objective function along ...
❌ Input element not found. Retrying in 5 seconds...
❌ Skip: Could not find input text area.
🔄 Starting a fresh chat session to prevent context drift and browser lag...
⚠️ Failed to open fresh chat: Page.goto: Target page, context or browser has been closed

[25/1169] Generating answer for: 1412.6544_Q13
  Q: Based on Figure 6 (right), what specific feature is observed near the initial point of the linear in...
❌ Input element not found. Retrying in 5 seconds...
❌ Skip: Could not find input text area.
🔄 Starting a fresh chat session to prevent context drift and browser lag...
⚠️ Failed to open fresh chat: Page.goto: Target page, context or browser has been closed

[26/1169] Generating answer for: 1412.6558_Q02
  Q: How does the analysis of the vanishing gradient problem differ for Feedforward Networks (FFNs) compa...
❌ Input element not found. Retrying in 5 seconds...
❌ Skip: Could not find input text area.
🔄 Starting a fresh chat session to prevent context drift and browser lag...
⚠️ Failed to open fresh chat: Page.goto: Target page, context or browser has been closed

[27/1169] Generating answer for: 1412.6558_Q06
  Q: According to Figure 1 (Top panel), what is the general trend of log(|δd|)2 as a function of depth d ...
❌ Input element not found. Retrying in 5 seconds...
❌ Skip: Could not find input text area.
🔄 Starting a fresh chat session to prevent context drift and browser lag...
⚠️ Failed to open fresh chat: Page.goto: Target page, context or browser has been closed

[28/1169] Generating answer for: 1412.6558_Q10
  Q: Based on Figure 2 (Bottom row), which nonlinearity (Linear, ReLU, or Tanh) has the largest range of ...
❌ Input element not found. Retrying in 5 seconds...
❌ Skip: Could not find input text area.
🔄 Starting a fresh chat session to prevent context drift and browser lag...
⚠️ Failed to open fresh chat: Page.goto: Target page, context or browser has been closed

[29/1169] Generating answer for: 1412.6558_Q14
  Q: What is the expression for the across-all-layer gradient magnitude ratio, Z, in terms of |δ0|2, |δD|...
❌ Input element not found. Retrying in 5 seconds...
❌ Skip: Could not find input text area.
🔄 Starting a fresh chat session to prevent context drift and browser lag...
⚠️ Failed to open fresh chat: Page.goto: Target page, context or browser has been closed

[30/1169] Generating answer for: 1412.7091_Q03
  Q: In the context of neural networks, what is the primary issue when training with very large sparse pr...
❌ Input element not found. Retrying in 5 seconds...
❌ Skip: Could not find input text area.
🔄 Starting a fresh chat session to prevent context drift and browser lag...
⚠️ Failed to open fresh chat: Page.goto: Target page, context or browser has been closed

[31/1169] Generating answer for: 1412.7091_Q07
  Q: Based on Figure 2 (right plot, log-log scale), how do the timings of the factorised GPU and factoris...
❌ Input element not found. Retrying in 5 seconds...
❌ Skip: Could not find input text area.
🔄 Starting a fresh chat session to prevent context drift and browser lag...
⚠️ Failed to open fresh chat: Page.goto: Target page, context or browser has been closed

[32/1169] Generating answer for: 1412.7091_Q11
  Q: According to Table 1, for a minibatch of 128 and a vocabulary of D = 793471 words, what is the ratio...
❌ Input element not found. Retrying in 5 seconds...
❌ Skip: Could not find input text area.
🔄 Starting a fresh chat session to prevent context drift and browser lag...
⚠️ Failed to open fresh chat: Page.goto: Target page, context or browser has been closed

[33/1169] Generating answer for: 1412.7091_Q15
  Q: How is the inverse transpose of U (U_new^-T) updated efficiently after a rank-one update to U, as de...
❌ Input element not found. Retrying in 5 seconds...
❌ Skip: Could not find input text area.
🔄 Starting a fresh chat session to prevent context drift and browser lag...
⚠️ Failed to open fresh chat: Page.goto: Target page, context or browser has been closed

[34/1169] Generating answer for: 1412.7419_Q04
  Q: What action does the Adasecant algorithm take when an outlier gradient is detected, according to the...
❌ Input element not found. Retrying in 5 seconds...
❌ Skip: Could not find input text area.
🔄 Starting a fresh chat session to prevent context drift and browser lag...
⚠️ Failed to open fresh chat: Page.goto: Target page, context or browser has been closed

[35/1169] Generating answer for: 1412.7419_Q08
  Q: Based on Figure 1a, which stochastic gradient algorithm exhibits the slowest convergence rate in ter...
❌ Input element not found. Retrying in 5 seconds...
❌ Skip: Could not find input text area.
🔄 Starting a fresh chat session to prevent context drift and browser lag...
⚠️ Failed to open fresh chat: Page.goto: Target page, context or browser has been closed

[36/1169] Generating answer for: 1412.7419_Q12
  Q: According to Equation (3), what is the approximation used for the per-parameter learning rate tk_i?...
❌ Input element not found. Retrying in 5 seconds...
❌ Skip: Could not find input text area.
🔄 Starting a fresh chat session to prevent context drift and browser lag...
⚠️ Failed to open fresh chat: Page.goto: Target page, context or browser has been closed

[37/1169] Generating answer for: 1412.7755_Q01
  Q: What is a main drawback of convolutional neural networks (ConvNets) mentioned in the paper?...
❌ Input element not found. Retrying in 5 seconds...
❌ Skip: Could not find input text area.
🔄 Starting a fresh chat session to prevent context drift and browser lag...
⚠️ Failed to open fresh chat: Page.goto: Target page, context or browser has been closed

[38/1169] Generating answer for: 1412.7755_Q05
  Q: What does Figure 1 generally illustrate about the proposed model?...
❌ Input element not found. Retrying in 5 seconds...
❌ Skip: Could not find input text area.
🔄 Starting a fresh chat session to prevent context drift and browser lag...
⚠️ Failed to open fresh chat: Page.goto: Target page, context or browser has been closed

[39/1169] Generating answer for: 1412.7755_Q09
  Q: Which model achieved the lowest test error rate on the MNIST pairs classification task, according to...
❌ Input element not found. Retrying in 5 seconds...
❌ Skip: Could not find input text area.
🔄 Starting a fresh chat session to prevent context drift and browser lag...
⚠️ Failed to open fresh chat: Page.goto: Target page, context or browser has been closed

[40/1169] Generating answer for: 1412.7755_Q13
  Q: What are the inputs to the recurrent function Rrecur for calculating the two recurrent layers r(1)n ...
❌ Input element not found. Retrying in 5 seconds...
❌ Skip: Could not find input text area.
🔄 Starting a fresh chat session to prevent context drift and browser lag...
⚠️ Failed to open fresh chat: Page.goto: Target page, context or browser has been closed

[41/1169] Generating answer for: 1501.00092_Q02
  Q: How does the proposed SRCNN fundamentally differ from existing external example-based super-resoluti...
❌ Input element not found. Retrying in 5 seconds...
❌ Skip: Could not find input text area.
🔄 Starting a fresh chat session to prevent context drift and browser lag...
⚠️ Failed to open fresh chat: Page.goto: Target page, context or browser has been closed

[42/1169] Generating answer for: 1501.00092_Q06
  Q: According to Figure 2, what are the three main convolutional layers that comprise the SRCNN architec...
❌ Input element not found. Retrying in 5 seconds...
❌ Skip: Could not find input text area.
🔄 Starting a fresh chat session to prevent context drift and browser lag...
⚠️ Failed to open fresh chat: Page.goto: Target page, context or browser has been closed

[43/1169] Generating answer for: 1501.00092_Q10
  Q: For an upscaling factor of 3 on the Set5 dataset, how does SRCNN's PSNR compare to the next best app...
❌ Input element not found. Retrying in 5 seconds...
❌ Skip: Could not find input text area.
🔄 Starting a fresh chat session to prevent context drift and browser lag...
⚠️ Failed to open fresh chat: Page.goto: Target page, context or browser has been closed

[44/1169] Generating answer for: 1501.00092_Q14
  Q: How is the final high-resolution image F(Y) reconstructed from the feature maps of the second layer,...
❌ Input element not found. Retrying in 5 seconds...
❌ Skip: Could not find input text area.
🔄 Starting a fresh chat session to prevent context drift and browser lag...
⚠️ Failed to open fresh chat: Page.goto: Target page, context or browser has been closed

[45/1169] Generating answer for: 1502.01710_Q03
  Q: What non-linearity function is used in the ConvNet model, and what is its mathematical definition?...
❌ Input element not found. Retrying in 5 seconds...
❌ Skip: Could not find input text area.
🔄 Starting a fresh chat session to prevent context drift and browser lag...
⚠️ Failed to open fresh chat: Page.goto: Target page, context or browser has been closed

[46/1169] Generating answer for: 1502.01710_Q07
  Q: According to Figure 2, what are the main stages of the ConvNet model from input to output?...
❌ Input element not found. Retrying in 5 seconds...
❌ Skip: Could not find input text area.
🔄 Starting a fresh chat session to prevent context drift and browser lag...
⚠️ Failed to open fresh chat: Page.goto: Target page, context or browser has been closed

[47/1169] Generating answer for: 1502.01710_Q11
  Q: What is the kernel size for the first convolutional layer in both the large and small ConvNet models...
❌ Input element not found. Retrying in 5 seconds...
❌ Skip: Could not find input text area.
🔄 Starting a fresh chat session to prevent context drift and browser lag...
⚠️ Failed to open fresh chat: Page.goto: Target page, context or browser has been closed

[48/1169] Generating answer for: 1502.01710_Q15
  Q: According to Table 8, which category in the Yahoo! Answers dataset has the highest total number of q...
❌ Input element not found. Retrying in 5 seconds...
❌ Skip: Could not find input text area.
🔄 Starting a fresh chat session to prevent context drift and browser lag...
⚠️ Failed to open fresh chat: Page.goto: Target page, context or browser has been closed

[49/1169] Generating answer for: 1502.02551_Q04
  Q: Describe the mixed-precision training strategy proposed in the paper for deep neural networks, parti...
❌ Input element not found. Retrying in 5 seconds...
❌ Skip: Could not find input text area.
🔄 Starting a fresh chat session to prevent context drift and browser lag...
⚠️ Failed to open fresh chat: Page.goto: Target page, context or browser has been closed

[50/1169] Generating answer for: 1502.02551_Q08
  Q: Referring to Figure 4 and Figure 5, describe the role of the "L2-to-SA circuit" and "Output C FIFOs"...
❌ Input element not found. Retrying in 5 seconds...
❌ Skip: Could not find input text area.
🔄 Starting a fresh chat session to prevent context drift and browser lag...
⚠️ Failed to open fresh chat: Page.goto: Target page, context or browser has been closed

[51/1169] Generating answer for: 1502.02551_Q12
  Q: Describe the behavior of the `Convert` function as defined in Equation (1) when the input value `x` ...
❌ Input element not found. Retrying in 5 seconds...
❌ Skip: Could not find input text area.
🔄 Starting a fresh chat session to prevent context drift and browser lag...
⚠️ Failed to open fresh chat: Page.goto: Target page, context or browser has been closed

[52/1169] Generating answer for: 1502.06464_Q01
  Q: What are the five main goals for constructing input representations using Rectified Factor Networks ...
❌ Input element not found. Retrying in 5 seconds...
❌ Skip: Could not find input text area.
🔄 Starting a fresh chat session to prevent context drift and browser lag...
⚠️ Failed to open fresh chat: Page.goto: Target page, context or browser has been closed

[53/1169] Generating answer for: 1502.06464_Q05
  Q: What components are depicted in the Factor Analysis model shown in Figure 1?...
❌ Input element not found. Retrying in 5 seconds...
❌ Skip: Could not find input text area.
🔄 Starting a fresh chat session to prevent context drift and browser lag...
⚠️ Failed to open fresh chat: Page.goto: Target page, context or browser has been closed

[54/1169] Generating answer for: 1502.06464_Q09
  Q: According to Table 1, which method achieved the highest sparseness (SP) for models with 50 code unit...
❌ Input element not found. Retrying in 5 seconds...
❌ Skip: Could not find input text area.
🔄 Starting a fresh chat session to prevent context drift and browser lag...
⚠️ Failed to open fresh chat: Page.goto: Target page, context or browser has been closed

[55/1169] Generating answer for: 1502.06464_Q13
  Q: What does Equation (2) define for the factor analysis model, and what are its components?...
❌ Input element not found. Retrying in 5 seconds...
❌ Skip: Could not find input text area.
🔄 Starting a fresh chat session to prevent context drift and browser lag...
⚠️ Failed to open fresh chat: Page.goto: Target page, context or browser has been closed

[56/1169] Generating answer for: 1503.03244_Q02
  Q: What does a box with dashed lines indicate in Figure 1?...
❌ Input element not found. Retrying in 5 seconds...
❌ Skip: Could not find input text area.
🔄 Starting a fresh chat session to prevent context drift and browser lag...
⚠️ Failed to open fresh chat: Page.goto: Target page, context or browser has been closed

[57/1169] Generating answer for: 1503.03244_Q06
  Q: What does the gray color indicate in the convolution layer of Figure 2?...
❌ Input element not found. Retrying in 5 seconds...
❌ Skip: Could not find input text area.
🔄 Starting a fresh chat session to prevent context drift and browser lag...
⚠️ Failed to open fresh chat: Page.goto: Target page, context or browser has been closed

[58/1169] Generating answer for: 1503.03244_Q10
  Q: What is the pooling window size for the 2D max-pooling operation defined in Equation (4)?...
❌ Input element not found. Retrying in 5 seconds...
❌ Skip: Could not find input text area.
🔄 Starting a fresh chat session to prevent context drift and browser lag...
⚠️ Failed to open fresh chat: Page.goto: Target page, context or browser has been closed

[59/1169] Generating answer for: 1503.03244_Q14
  Q: Which model achieved the highest P@1(%) score in the Sentence Completion task, according to Table 1?...
❌ Input element not found. Retrying in 5 seconds...
❌ Skip: Could not find input text area.
🔄 Starting a fresh chat session to prevent context drift and browser lag...
⚠️ Failed to open fresh chat: Page.goto: Target page, context or browser has been closed

[60/1169] Generating answer for: 1503.03535_Q03
  Q: How does Neural Machine Translation (NMT) fundamentally differ from Statistical Machine Translation ...
❌ Input element not found. Retrying in 5 seconds...
❌ Skip: Could not find input text area.
🔄 Starting a fresh chat session to prevent context drift and browser lag...
⚠️ Failed to open fresh chat: Page.goto: Target page, context or browser has been closed

[61/1169] Generating answer for: 1503.03535_Q07
  Q: According to Figure 1, what is the key difference in how the RNNLM's hidden state (sLM_t) is used in...
❌ Input element not found. Retrying in 5 seconds...
❌ Skip: Could not find input text area.
🔄 Starting a fresh chat session to prevent context drift and browser lag...
⚠️ Failed to open fresh chat: Page.goto: Target page, context or browser has been closed

[62/1169] Generating answer for: 1503.03535_Q11
  Q: Based on Table 5, for which language pair was the RNNLM's perplexity on the development set lowest, ...
❌ Input element not found. Retrying in 5 seconds...
❌ Skip: Could not find input text area.
🔄 Starting a fresh chat session to prevent context drift and browser lag...
⚠️ Failed to open fresh chat: Page.goto: Target page, context or browser has been closed

[63/1169] Generating answer for: 1503.03535_Q15
  Q: How does Equation (6) for deep fusion differ from Equation (4) for the vanilla NMT model in terms of...
❌ Input element not found. Retrying in 5 seconds...
❌ Skip: Could not find input text area.
🔄 Starting a fresh chat session to prevent context drift and browser lag...
⚠️ Failed to open fresh chat: Page.goto: Target page, context or browser has been closed

[64/1169] Generating answer for: 1503.04881_Q04
  Q: What is the overall objective function used to learn S-LSTM in this paper, as described in the 'Obje...
❌ Input element not found. Retrying in 5 seconds...
❌ Skip: Could not find input text area.
🔄 Starting a fresh chat session to prevent context drift and browser lag...
⚠️ Failed to open fresh chat: Page.goto: Target page, context or browser has been closed

[65/1169] Generating answer for: 1503.04881_Q08
  Q: According to Figure 4, how does S-LSTM's performance compare to RNTN's performance across different ...
❌ Input element not found. Retrying in 5 seconds...
❌ Skip: Could not find input text area.
🔄 Starting a fresh chat session to prevent context drift and browser lag...
⚠️ Failed to open fresh chat: Page.goto: Target page, context or browser has been closed

[66/1169] Generating answer for: 1503.04881_Q12
  Q: What does Equation (1) represent in the S-LSTM forward computation?...
❌ Input element not found. Retrying in 5 seconds...
❌ Skip: Could not find input text area.
🔄 Starting a fresh chat session to prevent context drift and browser lag...
⚠️ Failed to open fresh chat: Page.goto: Target page, context or browser has been closed

[67/1169] Generating answer for: 1503.08873_Q01
  Q: What is the primary benefit of label embeddings for multiclass and multilabel problems with large ou...
❌ Input element not found. Retrying in 5 seconds...
❌ Skip: Could not find input text area.
🔄 Starting a fresh chat session to prevent context drift and browser lag...
⚠️ Failed to open fresh chat: Page.goto: Target page, context or browser has been closed

[68/1169] Generating answer for: 1503.08873_Q05
  Q: What are the default hyperparameters (p, q) for the Rembrandt algorithm?...
❌ Input element not found. Retrying in 5 seconds...
❌ Skip: Could not find input text area.
🔄 Starting a fresh chat session to prevent context drift and browser lag...
⚠️ Failed to open fresh chat: Page.goto: Target page, context or browser has been closed

[69/1169] Generating answer for: 1503.08873_Q09
  Q: According to Table 1, what is the number of classes for the ODP dataset?...
❌ Input element not found. Retrying in 5 seconds...
❌ Skip: Could not find input text area.
🔄 Starting a fresh chat session to prevent context drift and browser lag...
⚠️ Failed to open fresh chat: Page.goto: Target page, context or browser has been closed

[70/1169] Generating answer for: 1503.08873_Q13
  Q: Compare the Test Error of 'CS + LR' and 'PCA + LR' on the ODP dataset, as shown in Table 2....
❌ Input element not found. Retrying in 5 seconds...
❌ Skip: Could not find input text area.
🔄 Starting a fresh chat session to prevent context drift and browser lag...
⚠️ Failed to open fresh chat: Page.goto: Target page, context or browser has been closed

[71/1169] Generating answer for: 1504.00941_Q02
  Q: How does the proposed solution in this paper address the difficulty of learning long-term dependenci...
❌ Input element not found. Retrying in 5 seconds...
❌ Skip: Could not find input text area.
🔄 Starting a fresh chat session to prevent context drift and browser lag...
⚠️ Failed to open fresh chat: Page.goto: Target page, context or browser has been closed

[72/1169] Generating answer for: 1504.00941_Q06
  Q: According to Figure 1, what is the target sum for the 'adding' problem example shown?...
❌ Input element not found. Retrying in 5 seconds...
❌ Skip: Could not find input text area.
🔄 Starting a fresh chat session to prevent context drift and browser lag...
⚠️ Failed to open fresh chat: Page.goto: Target page, context or browser has been closed

[73/1169] Generating answer for: 1504.00941_Q10
  Q: Comparing the two plots in Figure 3, what is the approximate maximum test accuracy achieved by RNN +...
❌ Input element not found. Retrying in 5 seconds...
❌ Skip: Could not find input text area.
🔄 Starting a fresh chat session to prevent context drift and browser lag...
⚠️ Failed to open fresh chat: Page.goto: Target page, context or browser has been closed

[74/1169] Generating answer for: 1504.00941_Q14
  Q: According to Table 3, which recurrent method achieved the lowest test perplexity on the 1 billion wo...
❌ Input element not found. Retrying in 5 seconds...
❌ Skip: Could not find input text area.
🔄 Starting a fresh chat session to prevent context drift and browser lag...
⚠️ Failed to open fresh chat: Page.goto: Target page, context or browser has been closed

[75/1169] Generating answer for: 1506.06442_Q03
  Q: What are the two scales at which the 'correction signal' propagates during optimization in DEEPMEMOR...
❌ Input element not found. Retrying in 5 seconds...
❌ Skip: Could not find input text area.
🔄 Starting a fresh chat session to prevent context drift and browser lag...
⚠️ Failed to open fresh chat: Page.goto: Target page, context or browser has been closed

[76/1169] Generating answer for: 1506.06442_Q07
  Q: What does the right panel of Figure 2 illustrate regarding the DEEPMEMORY architecture?...
❌ Input element not found. Retrying in 5 seconds...
❌ Skip: Could not find input text area.
🔄 Starting a fresh chat session to prevent context drift and browser lag...
⚠️ Failed to open fresh chat: Page.goto: Target page, context or browser has been closed

[77/1169] Generating answer for: 1506.06442_Q11
  Q: According to Table 1, which DEEPMEMORY architecture has the lowest number of parameters?...
❌ Input element not found. Retrying in 5 seconds...
❌ Skip: Could not find input text area.
🔄 Starting a fresh chat session to prevent context drift and browser lag...
⚠️ Failed to open fresh chat: Page.goto: Target page, context or browser has been closed

[78/1169] Generating answer for: 1506.06442_Q15
  Q: Identify all DEEPMEMORY architectures that show statistically significant (p<0.05) better results th...
❌ Input element not found. Retrying in 5 seconds...
❌ Skip: Could not find input text area.
🔄 Starting a fresh chat session to prevent context drift and browser lag...
⚠️ Failed to open fresh chat: Page.goto: Target page, context or browser has been closed

[79/1169] Generating answer for: 1506.07285_Q04
  Q: How does the Dynamic Memory Network (DMN) distinguish itself from Memory Networks (MemNN) in terms o...
❌ Input element not found. Retrying in 5 seconds...
❌ Skip: Could not find input text area.
🔄 Starting a fresh chat session to prevent context drift and browser lag...
⚠️ Failed to open fresh chat: Page.goto: Target page, context or browser has been closed

[80/1169] Generating answer for: 1506.07285_Q08
  Q: Based on Figure 4, what general observation can be made about the attention of the two-iteration DMN...
❌ Input element not found. Retrying in 5 seconds...
❌ Skip: Could not find input text area.
🔄 Starting a fresh chat session to prevent context drift and browser lag...
⚠️ Failed to open fresh chat: Page.goto: Target page, context or browser has been closed

[81/1169] Generating answer for: 1506.07285_Q12
  Q: What does Equation (1) represent in the context of the GRU's internal mechanics?...
❌ Input element not found. Retrying in 5 seconds...
❌ Skip: Could not find input text area.
🔄 Starting a fresh chat session to prevent context drift and browser lag...
⚠️ Failed to open fresh chat: Page.goto: Target page, context or browser has been closed

[82/1169] Generating answer for: 1511.05641_Q01
  Q: What is the main purpose of the Net2Net technique?...
❌ Input element not found. Retrying in 5 seconds...
❌ Skip: Could not find input text area.
🔄 Starting a fresh chat session to prevent context drift and browser lag...
⚠️ Failed to open fresh chat: Page.goto: Target page, context or browser has been closed

[83/1169] Generating answer for: 1511.05641_Q05
  Q: When applying Net2WiderNet, what adjustment should be made to the weights in the subsequent layer (U...
❌ Input element not found. Retrying in 5 seconds...
❌ Skip: Could not find input text area.
🔄 Starting a fresh chat session to prevent context drift and browser lag...
⚠️ Failed to open fresh chat: Page.goto: Target page, context or browser has been closed

[84/1169] Generating answer for: 1511.05641_Q09
  Q: According to Figure 1, what is the key difference between a traditional workflow and the Net2Net wor...
❌ Input element not found. Retrying in 5 seconds...
❌ Skip: Could not find input text area.
🔄 Starting a fresh chat session to prevent context drift and browser lag...
⚠️ Failed to open fresh chat: Page.goto: Target page, context or browser has been closed

[85/1169] Generating answer for: 1511.05641_Q13
  Q: According to Figure 5a, which method achieves higher training accuracy faster: Net2DeeperNet or Trai...
❌ Input element not found. Retrying in 5 seconds...
❌ Skip: Could not find input text area.
🔄 Starting a fresh chat session to prevent context drift and browser lag...
⚠️ Failed to open fresh chat: Page.goto: Target page, context or browser has been closed

[86/1169] Generating answer for: 1505.05424_Q02
  Q: What prior distribution does the paper propose using to achieve the best performance, and what are i...
❌ Input element not found. Retrying in 5 seconds...
❌ Skip: Could not find input text area.
🔄 Starting a fresh chat session to prevent context drift and browser lag...
⚠️ Failed to open fresh chat: Page.goto: Target page, context or browser has been closed

[87/1169] Generating answer for: 1505.05424_Q06
  Q: According to Figure 2, how does the test error of Bayes by Backprop compare to dropout and vanilla S...
❌ Input element not found. Retrying in 5 seconds...
❌ Skip: Could not find input text area.
🔄 Starting a fresh chat session to prevent context drift and browser lag...
⚠️ Failed to open fresh chat: Page.goto: Target page, context or browser has been closed

[88/1169] Generating answer for: 1505.05424_Q10
  Q: According to Table 2, what is the test error after pruning 95% of the weights from a Bayes by Backpr...
❌ Input element not found. Retrying in 5 seconds...
❌ Skip: Could not find input text area.
🔄 Starting a fresh chat session to prevent context drift and browser lag...
⚠️ Failed to open fresh chat: Page.goto: Target page, context or browser has been closed

[89/1169] Generating answer for: 1505.05424_Q14
  Q: What are the gradient update equations for the mean μ and standard deviation parameter ρ in the Gaus...
❌ Input element not found. Retrying in 5 seconds...
❌ Skip: Could not find input text area.
🔄 Starting a fresh chat session to prevent context drift and browser lag...
⚠️ Failed to open fresh chat: Page.goto: Target page, context or browser has been closed

[90/1169] Generating answer for: 1506.01057_Q03
  Q: How does the decoding procedure of the paragraph autoencoder decide when to stop generating sentence...
❌ Input element not found. Retrying in 5 seconds...
❌ Skip: Could not find input text area.
🔄 Starting a fresh chat session to prevent context drift and browser lag...
⚠️ Failed to open fresh chat: Page.goto: Target page, context or browser has been closed

[91/1169] Generating answer for: 1506.01057_Q07
  Q: In the illustration of Figure 2, what sequence of words is used to demonstrate the input and output ...
❌ Input element not found. Retrying in 5 seconds...
❌ Skip: Could not find input text area.
🔄 Starting a fresh chat session to prevent context drift and browser lag...
⚠️ Failed to open fresh chat: Page.goto: Target page, context or browser has been closed

[92/1169] Generating answer for: 1506.01057_Q11
  Q: According to Table 3, which model achieved the highest BLEU score and lowest Coherence penalty (L) o...
❌ Input element not found. Retrying in 5 seconds...
❌ Skip: Could not find input text area.
🔄 Starting a fresh chat session to prevent context drift and browser lag...
⚠️ Failed to open fresh chat: Page.goto: Target page, context or browser has been closed

[93/1169] Generating answer for: 1506.01057_Q15
  Q: In the attention model, how is the penalization score L mathematically defined in Equation (18) to m...
❌ Input element not found. Retrying in 5 seconds...
❌ Skip: Could not find input text area.
🔄 Starting a fresh chat session to prevent context drift and browser lag...
⚠️ Failed to open fresh chat: Page.goto: Target page, context or browser has been closed

[94/1169] Generating answer for: 1506.05163_Q04
  Q: What is the statistical bottleneck when the input graph structure is not known a priori, and what is...
❌ Input element not found. Retrying in 5 seconds...
❌ Skip: Could not find input text area.
🔄 Starting a fresh chat session to prevent context drift and browser lag...
⚠️ Failed to open fresh chat: Page.goto: Target page, context or browser has been closed

[95/1169] Generating answer for: 1506.05163_Q08
  Q: What does Figure 3 compare on the ImageNet dataset, and what does it show about the convergence of t...
❌ Input element not found. Retrying in 5 seconds...
❌ Skip: Could not find input text area.
🔄 Starting a fresh chat session to prevent context drift and browser lag...
⚠️ Failed to open fresh chat: Page.goto: Target page, context or browser has been closed

[96/1169] Generating answer for: 1506.05163_Q12
  Q: How is the graph Laplacian L defined in Definition 1 of Section 3.1?...
❌ Input element not found. Retrying in 5 seconds...
❌ Skip: Could not find input text area.
🔄 Starting a fresh chat session to prevent context drift and browser lag...
⚠️ Failed to open fresh chat: Page.goto: Target page, context or browser has been closed

[97/1169] Generating answer for: 1506.06825_Q01
  Q: What is the primary contribution or objective of the DeepStereo method proposed in this paper?...
❌ Input element not found. Retrying in 5 seconds...
❌ Skip: Could not find input text area.
🔄 Starting a fresh chat session to prevent context drift and browser lag...
⚠️ Failed to open fresh chat: Page.goto: Target page, context or browser has been closed

[98/1169] Generating answer for: 1506.06825_Q05
  Q: What are the two main identified drawbacks of the proposed DeepStereo method as discussed in the pap...
❌ Input element not found. Retrying in 5 seconds...
❌ Skip: Could not find input text area.
🔄 Starting a fresh chat session to prevent context drift and browser lag...
⚠️ Failed to open fresh chat: Page.goto: Target page, context or browser has been closed

[99/1169] Generating answer for: 1506.06825_Q09
  Q: According to the full network diagram in Figure 7, what are the four resolution dimensions of the in...
❌ Input element not found. Retrying in 5 seconds...
❌ Skip: Could not find input text area.
🔄 Starting a fresh chat session to prevent context drift and browser lag...
⚠️ Failed to open fresh chat: Page.goto: Target page, context or browser has been closed

[100/1169] Generating answer for: 1506.06825_Q13
  Q: How is the total loss L formulated during training of the DeepStereo network in Section 3?...
❌ Input element not found. Retrying in 5 seconds...
❌ Skip: Could not find input text area.
🔄 Starting a fresh chat session to prevent context drift and browser lag...
⚠️ Failed to open fresh chat: Page.goto: Target page, context or browser has been closed

[101/1169] Generating answer for: 1506.07650_Q02
  Q: Under 'The Shortest Path Hypothesis', what is assumed if two nominals e1 and e2 are arguments of the...
❌ Input element not found. Retrying in 5 seconds...
❌ Skip: Could not find input text area.
🔄 Starting a fresh chat session to prevent context drift and browser lag...
⚠️ Failed to open fresh chat: Page.goto: Target page, context or browser has been closed

[102/1169] Generating answer for: 1506.07650_Q06
  Q: In Figure 2, what sequence of four words is used as input to illustrate the convolutional neural net...
❌ Input element not found. Retrying in 5 seconds...
❌ Skip: Could not find input text area.
🔄 Starting a fresh chat session to prevent context drift and browser lag...
⚠️ Failed to open fresh chat: Page.goto: Target page, context or browser has been closed

[103/1169] Generating answer for: 1506.07650_Q10
  Q: In Table 2, what is the F1 score achieved by depLCNN+NS when augmented with WordNet and words around...
❌ Input element not found. Retrying in 5 seconds...
❌ Skip: Could not find input text area.
🔄 Starting a fresh chat session to prevent context drift and browser lag...
⚠️ Failed to open fresh chat: Page.goto: Target page, context or browser has been closed

[104/1169] Generating answer for: 1506.07650_Q14
  Q: In Section 3, how is the size of the matrix dw x 1 calculated in the window processing component, an...
❌ Input element not found. Retrying in 5 seconds...
❌ Skip: Could not find input text area.
🔄 Starting a fresh chat session to prevent context drift and browser lag...
⚠️ Failed to open fresh chat: Page.goto: Target page, context or browser has been closed

[105/1169] Generating answer for: 1506.08941_Q03
  Q: How is a game represented mathematically as a tuple in Section 3 under 'Game Representation'?...
❌ Input element not found. Retrying in 5 seconds...
❌ Skip: Could not find input text area.
🔄 Starting a fresh chat session to prevent context drift and browser lag...
⚠️ Failed to open fresh chat: Page.goto: Target page, context or browser has been closed

[106/1169] Generating answer for: 1506.08941_Q07
  Q: Based on Figure 3, what are the four plots shown for the evolution of performance on the Home and Fa...
❌ Input element not found. Retrying in 5 seconds...
❌ Skip: Could not find input text area.
🔄 Starting a fresh chat session to prevent context drift and browser lag...
⚠️ Failed to open fresh chat: Page.goto: Target page, context or browser has been closed

[107/1169] Generating answer for: 1506.08941_Q11
  Q: In Table 2, what is the nearest neighbor description for the query 'The ruins opens up to the sky in...
❌ Input element not found. Retrying in 5 seconds...
❌ Skip: Could not find input text area.
🔄 Starting a fresh chat session to prevent context drift and browser lag...
⚠️ Failed to open fresh chat: Page.goto: Target page, context or browser has been closed

[108/1169] Generating answer for: 1506.08941_Q15
  Q: In Algorithm 1 step 16, how is the target Q-value y_j calculated differently for terminal versus non...
❌ Input element not found. Retrying in 5 seconds...
❌ Skip: Could not find input text area.
🔄 Starting a fresh chat session to prevent context drift and browser lag...
⚠️ Failed to open fresh chat: Page.goto: Target page, context or browser has been closed

[109/1169] Generating answer for: 1507.01053_Q04
  Q: Why do the authors propose using activation maps from the last convolutional layer instead of the fi...
❌ Input element not found. Retrying in 5 seconds...
❌ Skip: Could not find input text area.
🔄 Starting a fresh chat session to prevent context drift and browser lag...
⚠️ Failed to open fresh chat: Page.goto: Target page, context or browser has been closed

[110/1169] Generating answer for: 1507.01053_Q08
  Q: What computation performed during a single decoding step is illustrated in Figure 3 of the attention...
❌ Input element not found. Retrying in 5 seconds...
❌ Skip: Could not find input text area.
🔄 Starting a fresh chat session to prevent context drift and browser lag...
⚠️ Failed to open fresh chat: Page.goto: Target page, context or browser has been closed

[111/1169] Generating answer for: 1507.01053_Q12
  Q: How does Equation (11) convert raw attention scores into attention weights, and what property do the...
❌ Input element not found. Retrying in 5 seconds...
❌ Skip: Could not find input text area.
🔄 Starting a fresh chat session to prevent context drift and browser lag...
⚠️ Failed to open fresh chat: Page.goto: Target page, context or browser has been closed

[112/1169] Generating answer for: 1507.02030_Q01
  Q: What are the main theoretical contributions of the paper regarding stochastic normalized gradient de...
❌ Input element not found. Retrying in 5 seconds...
❌ Skip: Could not find input text area.
🔄 Starting a fresh chat session to prevent context drift and browser lag...
⚠️ Failed to open fresh chat: Page.goto: Target page, context or browser has been closed

[113/1169] Generating answer for: 1507.02030_Q05
  Q: What conclusion do the experimental results draw regarding the effect of minibatch size on SNGD?...
❌ Input element not found. Retrying in 5 seconds...
❌ Skip: Could not find input text area.
🔄 Starting a fresh chat session to prevent context drift and browser lag...
⚠️ Failed to open fresh chat: Page.goto: Target page, context or browser has been closed

[114/1169] Generating answer for: 1507.02030_Q09
  Q: How does Figure 2(c) support the theoretical analysis regarding minibatch size in SNGD?...
❌ Input element not found. Retrying in 5 seconds...
❌ Skip: Could not find input text area.
🔄 Starting a fresh chat session to prevent context drift and browser lag...
⚠️ Failed to open fresh chat: Page.goto: Target page, context or browser has been closed

[115/1169] Generating answer for: 1507.02030_Q13
  Q: What quantity is defined by Equation (3) in the idealized generalized linear model?...
❌ Input element not found. Retrying in 5 seconds...
❌ Skip: Could not find input text area.
🔄 Starting a fresh chat session to prevent context drift and browser lag...
⚠️ Failed to open fresh chat: Page.goto: Target page, context or browser has been closed

[116/1169] Generating answer for: 1508.00952_Q02
  Q: According to the paper, why is Automatic Differentiation (AD) insufficient for efficiently computing...
❌ Input element not found. Retrying in 5 seconds...
❌ Skip: Could not find input text area.
🔄 Starting a fresh chat session to prevent context drift and browser lag...
⚠️ Failed to open fresh chat: Page.goto: Target page, context or browser has been closed

[117/1169] Generating answer for: 1508.00952_Q06
  Q: According to Figure 1, what variables are represented by the two rows of nodes in the optimal contro...
❌ Input element not found. Retrying in 5 seconds...
❌ Skip: Could not find input text area.
🔄 Starting a fresh chat session to prevent context drift and browser lag...
⚠️ Failed to open fresh chat: Page.goto: Target page, context or browser has been closed

[118/1169] Generating answer for: 1508.00952_Q10
  Q: How do Figures 2 and 4 together demonstrate the effectiveness of the proposed optimization algorithm...
❌ Input element not found. Retrying in 5 seconds...
❌ Skip: Could not find input text area.
🔄 Starting a fresh chat session to prevent context drift and browser lag...
⚠️ Failed to open fresh chat: Page.goto: Target page, context or browser has been closed

[119/1169] Generating answer for: 1508.00952_Q14
  Q: What optimization algorithm is summarized by Equation (20) in the numerical experiments?...
❌ Input element not found. Retrying in 5 seconds...
❌ Skip: Could not find input text area.
🔄 Starting a fresh chat session to prevent context drift and browser lag...
⚠️ Failed to open fresh chat: Page.goto: Target page, context or browser has been closed

[120/1169] Generating answer for: 1508.02096_Q03
  Q: Why do the authors choose characters rather than morphemes as the basic units for composing word rep...
❌ Input element not found. Retrying in 5 seconds...
❌ Skip: Could not find input text area.
🔄 Starting a fresh chat session to prevent context drift and browser lag...
⚠️ Failed to open fresh chat: Page.goto: Target page, context or browser has been closed

[121/1169] Generating answer for: 1508.02096_Q07
  Q: According to Figure 2, how are word representations incorporated into the language modeling architec...
❌ Input element not found. Retrying in 5 seconds...
❌ Skip: Could not find input text area.
🔄 Starting a fresh chat session to prevent context drift and browser lag...
⚠️ Failed to open fresh chat: Page.goto: Target page, context or browser has been closed

[122/1169] Generating answer for: 1508.02096_Q11
  Q: According to Table 1, which language shows the largest perplexity improvement of C2W over the Word b...
❌ Input element not found. Retrying in 5 seconds...
❌ Skip: Could not find input text area.
🔄 Starting a fresh chat session to prevent context drift and browser lag...
⚠️ Failed to open fresh chat: Page.goto: Target page, context or browser has been closed

[123/1169] Generating answer for: 1508.02096_Q15
  Q: According to Table 5, which system achieves the highest reported POS tagging accuracy on the English...
❌ Input element not found. Retrying in 5 seconds...
❌ Skip: Could not find input text area.
🔄 Starting a fresh chat session to prevent context drift and browser lag...
⚠️ Failed to open fresh chat: Page.goto: Target page, context or browser has been closed

[124/1169] Generating answer for: 1508.04945_Q04
  Q: What limitation of DeepWriterID do the authors identify as future work in the conclusion?...
❌ Input element not found. Retrying in 5 seconds...
❌ Skip: Could not find input text area.
🔄 Starting a fresh chat session to prevent context drift and browser lag...
⚠️ Failed to open fresh chat: Page.goto: Target page, context or browser has been closed

[125/1169] Generating answer for: 1508.04945_Q08
  Q: Based on Figure 4, how does increasing the truncated path-signature level influence page-level test ...
❌ Input element not found. Retrying in 5 seconds...
❌ Skip: Could not find input text area.
🔄 Starting a fresh chat session to prevent context drift and browser lag...
⚠️ Failed to open fresh chat: Page.goto: Target page, context or browser has been closed

[126/1169] Generating answer for: 1508.04945_Q12
  Q: What quantity is computed by Equation (3), and why is one combination excluded from the count?...
❌ Input element not found. Retrying in 5 seconds...
❌ Skip: Could not find input text area.
🔄 Starting a fresh chat session to prevent context drift and browser lag...
⚠️ Failed to open fresh chat: Page.goto: Target page, context or browser has been closed

[127/1169] Generating answer for: 1509.04612_Q01
  Q: Why do the authors argue that standard Rprop is not directly compatible with Dropout in deep neural ...
❌ Input element not found. Retrying in 5 seconds...
❌ Skip: Could not find input text area.
🔄 Starting a fresh chat session to prevent context drift and browser lag...
⚠️ Failed to open fresh chat: Page.goto: Target page, context or browser has been closed

[128/1169] Generating answer for: 1509.04612_Q05
  Q: What future research directions are proposed in the paper's conclusion?...
❌ Input element not found. Retrying in 5 seconds...
❌ Skip: Could not find input text area.
🔄 Starting a fresh chat session to prevent context drift and browser lag...
⚠️ Failed to open fresh chat: Page.goto: Target page, context or browser has been closed

[129/1169] Generating answer for: 1509.04612_Q09
  Q: What aspect of the learning process is plotted on the y-axis of both Figure 1 and Figure 2?...
❌ Input element not found. Retrying in 5 seconds...
❌ Skip: Could not find input text area.
🔄 Starting a fresh chat session to prevent context drift and browser lag...
⚠️ Failed to open fresh chat: Page.goto: Target page, context or browser has been closed

[130/1169] Generating answer for: 1509.04612_Q13
  Q: How does Algorithm 2 distinguish between zero gradients caused by Dropout and those caused by Rprop ...
❌ Input element not found. Retrying in 5 seconds...
❌ Skip: Could not find input text area.
🔄 Starting a fresh chat session to prevent context drift and browser lag...
⚠️ Failed to open fresh chat: Page.goto: Target page, context or browser has been closed

[131/1169] Generating answer for: 1509.06569_Q02
  Q: How does the proposed TT-layer differ from conventional low-rank matrix approximations for compressi...
❌ Input element not found. Retrying in 5 seconds...
❌ Skip: Could not find input text area.
🔄 Starting a fresh chat session to prevent context drift and browser lag...
⚠️ Failed to open fresh chat: Page.goto: Target page, context or browser has been closed

[132/1169] Generating answer for: 1509.06569_Q06
  Q: What conclusion about tensor reshaping strategies can be drawn from the different curves shown in Fi...
❌ Input element not found. Retrying in 5 seconds...
❌ Skip: Could not find input text area.
🔄 Starting a fresh chat session to prevent context drift and browser lag...
⚠️ Failed to open fresh chat: Page.goto: Target page, context or browser has been closed

[133/1169] Generating answer for: 1509.06569_Q10
  Q: Based on Table 2, which Tensor Train configuration provides the largest compression of the first ful...
❌ Input element not found. Retrying in 5 seconds...
❌ Skip: Could not find input text area.
🔄 Starting a fresh chat session to prevent context drift and browser lag...
⚠️ Failed to open fresh chat: Page.goto: Target page, context or browser has been closed

[134/1169] Generating answer for: 1509.06569_Q14
  Q: What computation is performed by Equation (5) in the proposed TT-layer?...
❌ Input element not found. Retrying in 5 seconds...
❌ Skip: Could not find input text area.
🔄 Starting a fresh chat session to prevent context drift and browser lag...
⚠️ Failed to open fresh chat: Page.goto: Target page, context or browser has been closed

[135/1169] Generating answer for: 1510.00149_Q03
  Q: Why do the authors argue that TensorNet enables substantially wider hidden layers than conventional ...
❌ Input element not found. Retrying in 5 seconds...
❌ Skip: Could not find input text area.
🔄 Starting a fresh chat session to prevent context drift and browser lag...
⚠️ Failed to open fresh chat: Page.goto: Target page, context or browser has been closed

[136/1169] Generating answer for: 1510.00149_Q07
  Q: What two variables are plotted on the axes of Figure 1?...
❌ Input element not found. Retrying in 5 seconds...
❌ Skip: Could not find input text area.
🔄 Starting a fresh chat session to prevent context drift and browser lag...
⚠️ Failed to open fresh chat: Page.goto: Target page, context or browser has been closed

[137/1169] Generating answer for: 1510.00149_Q11
  Q: According to Table 3, how does the TT-layer compare with a standard fully-connected layer in inferen...
❌ Input element not found. Retrying in 5 seconds...
❌ Skip: Could not find input text area.
🔄 Starting a fresh chat session to prevent context drift and browser lag...
⚠️ Failed to open fresh chat: Page.goto: Target page, context or browser has been closed

[138/1169] Generating answer for: 1510.00149_Q15
  Q: Why is Equation (10) important for learning TensorNet parameters during backpropagation?...
❌ Input element not found. Retrying in 5 seconds...
❌ Skip: Could not find input text area.
🔄 Starting a fresh chat session to prevent context drift and browser lag...
⚠️ Failed to open fresh chat: Page.goto: Target page, context or browser has been closed

[139/1169] Generating answer for: 1510.01722_Q04
  Q: What future research direction do the authors propose in the concluding perspective section?...
❌ Input element not found. Retrying in 5 seconds...
❌ Skip: Could not find input text area.
🔄 Starting a fresh chat session to prevent context drift and browser lag...
⚠️ Failed to open fresh chat: Page.goto: Target page, context or browser has been closed

[140/1169] Generating answer for: 1510.01722_Q08
  Q: Based on Figure 4, how do Toeplitz-like models compare with low-rank, Circulant, and Fastfood models...
❌ Input element not found. Retrying in 5 seconds...
❌ Skip: Could not find input text area.
🔄 Starting a fresh chat session to prevent context drift and browser lag...
⚠️ Failed to open fresh chat: Page.goto: Target page, context or browser has been closed

[141/1169] Generating answer for: 1510.01722_Q12
  Q: What mathematical operation is defined by Equation (1), and what matrices parameterize it?...
❌ Input element not found. Retrying in 5 seconds...
❌ Skip: Could not find input text area.
🔄 Starting a fresh chat session to prevent context drift and browser lag...
⚠️ Failed to open fresh chat: Page.goto: Target page, context or browser has been closed

[142/1169] Generating answer for: 1510.01799_Q01
  Q: What is the primary objective of the technique introduced in the technical report?...
❌ Input element not found. Retrying in 5 seconds...
❌ Skip: Could not find input text area.
🔄 Starting a fresh chat session to prevent context drift and browser lag...
⚠️ Failed to open fresh chat: Page.goto: Target page, context or browser has been closed

[143/1169] Generating answer for: 1510.01799_Q05
  Q: Why is the loss function restricted from directly accessing the model parameters?...
❌ Input element not found. Retrying in 5 seconds...
❌ Skip: Could not find input text area.
🔄 Starting a fresh chat session to prevent context drift and browser lag...
⚠️ Failed to open fresh chat: Page.goto: Target page, context or browser has been closed

[144/1169] Generating answer for: 1510.01799_Q09
  Q: What information from standard backpropagation is reused by the proposed method?...
❌ Input element not found. Retrying in 5 seconds...
❌ Skip: Could not find input text area.
🔄 Starting a fresh chat session to prevent context drift and browser lag...
⚠️ Failed to open fresh chat: Page.goto: Target page, context or browser has been closed

[145/1169] Generating answer for: 1510.01799_Q13
  Q: What computation is performed after obtaining the modified backpropagation signals in the extension ...
❌ Input element not found. Retrying in 5 seconds...
❌ Skip: Could not find input text area.
🔄 Starting a fresh chat session to prevent context drift and browser lag...
⚠️ Failed to open fresh chat: Page.goto: Target page, context or browser has been closed

[146/1169] Generating answer for: 1510.05336_Q02
  Q: Why does the author argue that NP-hardness may not accurately reflect the practical difficulty of cl...
❌ Input element not found. Retrying in 5 seconds...
❌ Skip: Could not find input text area.
🔄 Starting a fresh chat session to prevent context drift and browser lag...
⚠️ Failed to open fresh chat: Page.goto: Target page, context or browser has been closed

[147/1169] Generating answer for: 1510.05336_Q06
  Q: What is additive perturbation robustness (APR) as described in the survey of clusterability notions?...
❌ Input element not found. Retrying in 5 seconds...
❌ Skip: Could not find input text area.
🔄 Starting a fresh chat session to prevent context drift and browser lag...
⚠️ Failed to open fresh chat: Page.goto: Target page, context or browser has been closed

[148/1169] Generating answer for: 1510.05336_Q10
  Q: Why are existing clusterability notions difficult to test efficiently according to the paper?...
❌ Input element not found. Retrying in 5 seconds...
❌ Skip: Could not find input text area.
🔄 Starting a fresh chat session to prevent context drift and browser lag...
⚠️ Failed to open fresh chat: Page.goto: Target page, context or browser has been closed

[149/1169] Generating answer for: 1510.05336_Q14
  Q: Why does the author argue that clustering complexity should be studied beyond fixed-k optimization p...
❌ Input element not found. Retrying in 5 seconds...
❌ Skip: Could not find input text area.
🔄 Starting a fresh chat session to prevent context drift and browser lag...
⚠️ Failed to open fresh chat: Page.goto: Target page, context or browser has been closed

[150/1169] Generating answer for: 1510.06356_Q03
  Q: How is the original MNIST dataset transformed into the Coarse-Grained MNIST (CG-MNIST) dataset used ...
❌ Input element not found. Retrying in 5 seconds...
❌ Skip: Could not find input text area.
🔄 Starting a fresh chat session to prevent context drift and browser lag...
⚠️ Failed to open fresh chat: Page.goto: Target page, context or browser has been closed

[151/1169] Generating answer for: 1510.06356_Q07
  Q: What stages of learning are illustrated in Figure 2, and how is the quantum annealer integrated into...
❌ Input element not found. Retrying in 5 seconds...
❌ Skip: Could not find input text area.
🔄 Starting a fresh chat session to prevent context drift and browser lag...
⚠️ Failed to open fresh chat: Page.goto: Target page, context or browser has been closed

[152/1169] Generating answer for: 1510.06356_Q11
  Q: What probability distribution is defined by Equation (1), and what role does it play in Restricted B...
❌ Input element not found. Retrying in 5 seconds...
❌ Skip: Could not find input text area.
🔄 Starting a fresh chat session to prevent context drift and browser lag...
⚠️ Failed to open fresh chat: Page.goto: Target page, context or browser has been closed

[153/1169] Generating answer for: 1510.06356_Q15
  Q: What theoretical relationship is established by Equation (22) between the embedded Ising model and t...
❌ Input element not found. Retrying in 5 seconds...
❌ Skip: Could not find input text area.
🔄 Starting a fresh chat session to prevent context drift and browser lag...
⚠️ Failed to open fresh chat: Page.goto: Target page, context or browser has been closed

[154/1169] Generating answer for: 1511.06279_Q04
  Q: What overall conclusions does the paper draw about the capabilities of the Neural Programmer-Interpr...
❌ Input element not found. Retrying in 5 seconds...
❌ Skip: Could not find input text area.
🔄 Starting a fresh chat session to prevent context drift and browser lag...
⚠️ Failed to open fresh chat: Page.goto: Target page, context or browser has been closed

[155/1169] Generating answer for: 1511.06279_Q08
  Q: What evidence of generalization is presented in Figure 7 for the canonicalization task?...
❌ Input element not found. Retrying in 5 seconds...
❌ Skip: Could not find input text area.
🔄 Starting a fresh chat session to prevent context drift and browser lag...
⚠️ Failed to open fresh chat: Page.goto: Target page, context or browser has been closed

[156/1169] Generating answer for: 1511.06279_Q12
  Q: What computation is described by Equation (4) during program execution?...
❌ Input element not found. Retrying in 5 seconds...
❌ Skip: Could not find input text area.
🔄 Starting a fresh chat session to prevent context drift and browser lag...
⚠️ Failed to open fresh chat: Page.goto: Target page, context or browser has been closed

[157/1169] Generating answer for: 1511.08400_Q01
  Q: What is the primary objective of the norm-stabilizer regularization proposed in the paper, and how i...
❌ Input element not found. Retrying in 5 seconds...
❌ Skip: Could not find input text area.
🔄 Starting a fresh chat session to prevent context drift and browser lag...
⚠️ Failed to open fresh chat: Page.goto: Target page, context or browser has been closed

[158/1169] Generating answer for: 1511.08400_Q05
  Q: According to the conclusion, what future research directions do the authors propose for norm-based r...
❌ Input element not found. Retrying in 5 seconds...
❌ Skip: Could not find input text area.
🔄 Starting a fresh chat session to prevent context drift and browser lag...
⚠️ Failed to open fresh chat: Page.goto: Target page, context or browser has been closed

[159/1169] Generating answer for: 1511.08400_Q09
  Q: What behavior of IRNNs is illustrated in Figure 4 when comparing β=0 and β=500?...
❌ Input element not found. Retrying in 5 seconds...
❌ Skip: Could not find input text area.
🔄 Starting a fresh chat session to prevent context drift and browser lag...
⚠️ Failed to open fresh chat: Page.goto: Target page, context or browser has been closed

[160/1169] Generating answer for: 1511.08400_Q13
  Q: What does Table 3 indicate about the proposed norm-stabilizer compared with alternative norm-stabili...
❌ Input element not found. Retrying in 5 seconds...
❌ Skip: Could not find input text area.
🔄 Starting a fresh chat session to prevent context drift and browser lag...
⚠️ Failed to open fresh chat: Page.goto: Target page, context or browser has been closed

[161/1169] Generating answer for: 1507.07680_Q02
  Q: What key unbiasedness property of the NoBackTrack algorithm is established by Proposition 2, and why...
❌ Input element not found. Retrying in 5 seconds...
❌ Skip: Could not find input text area.
🔄 Starting a fresh chat session to prevent context drift and browser lag...
⚠️ Failed to open fresh chat: Page.goto: Target page, context or browser has been closed

[162/1169] Generating answer for: 1507.07680_Q06
  Q: According to Figure 1, what effect does using a large learning rate have on the Euclidean NoBackTrac...
❌ Input element not found. Retrying in 5 seconds...
❌ Skip: Could not find input text area.
🔄 Starting a fresh chat session to prevent context drift and browser lag...
⚠️ Failed to open fresh chat: Page.goto: Target page, context or browser has been closed

[163/1169] Generating answer for: 1507.07680_Q10
  Q: What overall comparison among Kalman NoBackTrack, RTRL, and truncated BPTT is illustrated in Figure ...
❌ Input element not found. Retrying in 5 seconds...
❌ Skip: Could not find input text area.
🔄 Starting a fresh chat session to prevent context drift and browser lag...
⚠️ Failed to open fresh chat: Page.goto: Target page, context or browser has been closed

[164/1169] Generating answer for: 1507.07680_Q14
  Q: What quantity is represented by Equation (19), and how does it justify the NoBackTrack gradient esti...
❌ Input element not found. Retrying in 5 seconds...
❌ Skip: Could not find input text area.
🔄 Starting a fresh chat session to prevent context drift and browser lag...
⚠️ Failed to open fresh chat: Page.goto: Target page, context or browser has been closed

[165/1169] Generating answer for: 1511.06241_Q03
  Q: How does the proposed supervised connection learning strategy reduce the curse of dimensionality for...
❌ Input element not found. Retrying in 5 seconds...
❌ Skip: Could not find input text area.
🔄 Starting a fresh chat session to prevent context drift and browser lag...
⚠️ Failed to open fresh chat: Page.goto: Target page, context or browser has been closed

[166/1169] Generating answer for: 1511.06241_Q07
  Q: What sequence of operations for learning inter-layer connections is depicted in Figure 3?...
❌ Input element not found. Retrying in 5 seconds...
❌ Skip: Could not find input text area.
🔄 Starting a fresh chat session to prevent context drift and browser lag...
⚠️ Failed to open fresh chat: Page.goto: Target page, context or browser has been closed

[167/1169] Generating answer for: 1511.06241_Q11
  Q: According to Table 3, what classification error does the proposed method achieve on MNIST when all l...
❌ Input element not found. Retrying in 5 seconds...
❌ Skip: Could not find input text area.
🔄 Starting a fresh chat session to prevent context drift and browser lag...
⚠️ Failed to open fresh chat: Page.goto: Target page, context or browser has been closed

[168/1169] Generating answer for: 1511.06241_Q15
  Q: What role does the dictionary normalization step appearing in Equation (1) and Equation (2) play dur...
❌ Input element not found. Retrying in 5 seconds...
❌ Skip: Could not find input text area.
🔄 Starting a fresh chat session to prevent context drift and browser lag...
⚠️ Failed to open fresh chat: Page.goto: Target page, context or browser has been closed

[169/1169] Generating answer for: 1511.06392_Q04
  Q: According to the conclusions, what limitation of the current approach do the authors identify despit...
❌ Input element not found. Retrying in 5 seconds...
❌ Skip: Could not find input text area.
🔄 Starting a fresh chat session to prevent context drift and browser lag...
⚠️ Failed to open fresh chat: Page.goto: Target page, context or browser has been closed

[170/1169] Generating answer for: 1511.06392_Q08
  Q: According to Figure 4, which computational modules form the repeated circuit used to solve the Copy ...
❌ Input element not found. Retrying in 5 seconds...
❌ Skip: Could not find input text area.
🔄 Starting a fresh chat session to prevent context drift and browser lag...
⚠️ Failed to open fresh chat: Page.goto: Target page, context or browser has been closed

[171/1169] Generating answer for: 1511.06392_Q12
  Q: What computation is performed by Equation (1) when selecting inputs for each computational module?...
❌ Input element not found. Retrying in 5 seconds...
❌ Skip: Could not find input text area.
🔄 Starting a fresh chat session to prevent context drift and browser lag...
⚠️ Failed to open fresh chat: Page.goto: Target page, context or browser has been closed

[172/1169] Generating answer for: 1511.06807_Q01
  Q: What motivation do the authors give for adding annealed Gaussian noise to gradients when training mo...
❌ Input element not found. Retrying in 5 seconds...
❌ Skip: Could not find input text area.
🔄 Starting a fresh chat session to prevent context drift and browser lag...
⚠️ Failed to open fresh chat: Page.goto: Target page, context or browser has been closed

[173/1169] Generating answer for: 1511.06807_Q05
  Q: According to Figure 1, what are the primary components of the Neural Programmer architecture and wha...
❌ Input element not found. Retrying in 5 seconds...
❌ Skip: Could not find input text area.
🔄 Starting a fresh chat session to prevent context drift and browser lag...
⚠️ Failed to open fresh chat: Page.goto: Target page, context or browser has been closed

[174/1169] Generating answer for: 1511.06807_Q09
  Q: According to Table 1, what best test accuracy is achieved when using gradient noise with zero initia...
❌ Input element not found. Retrying in 5 seconds...
❌ Skip: Could not find input text area.
🔄 Starting a fresh chat session to prevent context drift and browser lag...
⚠️ Failed to open fresh chat: Page.goto: Target page, context or browser has been closed

[175/1169] Generating answer for: 1511.06807_Q13
  Q: According to Equation (1), what values do the authors typically use for the hyperparameters η and γ?...
❌ Input element not found. Retrying in 5 seconds...
❌ Skip: Could not find input text area.
🔄 Starting a fresh chat session to prevent context drift and browser lag...
⚠️ Failed to open fresh chat: Page.goto: Target page, context or browser has been closed

[176/1169] Generating answer for: 1511.06909_Q02
  Q: How do the authors relate BlackOut to DropOut, and what is the primary difference between the two me...
❌ Input element not found. Retrying in 5 seconds...
❌ Skip: Could not find input text area.
🔄 Starting a fresh chat session to prevent context drift and browser lag...
⚠️ Failed to open fresh chat: Page.goto: Target page, context or browser has been closed

[177/1169] Generating answer for: 1511.06909_Q06
  Q: What trend does Figure 2 illustrate regarding BlackOut and NCE as the number of sampled words K incr...
❌ Input element not found. Retrying in 5 seconds...
❌ Skip: Could not find input text area.
🔄 Starting a fresh chat session to prevent context drift and browser lag...
⚠️ Failed to open fresh chat: Page.goto: Target page, context or browser has been closed

[178/1169] Generating answer for: 1511.06909_Q10
  Q: Using Table 2, compare the perplexities obtained by the authors' 1024-unit and 2048-unit single-laye...
❌ Input element not found. Retrying in 5 seconds...
❌ Skip: Could not find input text area.
🔄 Starting a fresh chat session to prevent context drift and browser lag...
⚠️ Failed to open fresh chat: Page.goto: Target page, context or browser has been closed

[179/1169] Generating answer for: 1511.06909_Q14
  Q: How do Equations (9) and (10) reduce the computational complexity of gradient evaluation compared wi...
❌ Input element not found. Retrying in 5 seconds...
❌ Skip: Could not find input text area.
🔄 Starting a fresh chat session to prevent context drift and browser lag...
⚠️ Failed to open fresh chat: Page.goto: Target page, context or browser has been closed

[180/1169] Generating answer for: 1409.2329_Q03
  Q: How does the training configuration differ between the medium and large regularized LSTM models on t...
❌ Input element not found. Retrying in 5 seconds...
❌ Skip: Could not find input text area.
🔄 Starting a fresh chat session to prevent context drift and browser lag...
⚠️ Failed to open fresh chat: Page.goto: Target page, context or browser has been closed

[181/1169] Generating answer for: 1409.2329_Q07
  Q: What does Figure 3 demonstrate about the propagation of information when the proposed dropout scheme...
❌ Input element not found. Retrying in 5 seconds...
❌ Skip: Could not find input text area.
🔄 Starting a fresh chat session to prevent context drift and browser lag...
⚠️ Failed to open fresh chat: Page.goto: Target page, context or browser has been closed

[182/1169] Generating answer for: 1409.2329_Q11
  Q: Based on Table 3, how does regularization affect machine translation performance?...
❌ Input element not found. Retrying in 5 seconds...
❌ Skip: Could not find input text area.
🔄 Starting a fresh chat session to prevent context drift and browser lag...
⚠️ Failed to open fresh chat: Page.goto: Target page, context or browser has been closed

[183/1169] Generating answer for: 1409.2329_Q15
  Q: Why do the modified LSTM equations preserve long-term memory better than applying dropout to recurre...
❌ Input element not found. Retrying in 5 seconds...
❌ Skip: Could not find input text area.
🔄 Starting a fresh chat session to prevent context drift and browser lag...
⚠️ Failed to open fresh chat: Page.goto: Target page, context or browser has been closed

[184/1169] Generating answer for: 1409.5185_Q04
  Q: Why do the authors argue that minimizing both the output objective and the companion objective leads...
❌ Input element not found. Retrying in 5 seconds...
❌ Skip: Could not find input text area.
🔄 Starting a fresh chat session to prevent context drift and browser lag...
⚠️ Failed to open fresh chat: Page.goto: Target page, context or browser has been closed

[185/1169] Generating answer for: 1409.5185_Q08
  Q: What qualitative difference between DSN and CNN feature representations is highlighted by Figure 3?...
❌ Input element not found. Retrying in 5 seconds...
❌ Skip: Could not find input text area.
🔄 Starting a fresh chat session to prevent context drift and browser lag...
⚠️ Failed to open fresh chat: Page.goto: Target page, context or browser has been closed

[186/1169] Generating answer for: 1409.5185_Q12
  Q: According to Equation (3), what are the two major components of the DSN objective function, and how ...
❌ Input element not found. Retrying in 5 seconds...
❌ Skip: Could not find input text area.
🔄 Starting a fresh chat session to prevent context drift and browser lag...
⚠️ Failed to open fresh chat: Page.goto: Target page, context or browser has been closed

[187/1169] Generating answer for: 1410.0759_Q01
  Q: What are the primary design goals of cuDNN, and how does the library help deep learning frameworks a...
❌ Input element not found. Retrying in 5 seconds...
❌ Skip: Could not find input text area.
🔄 Starting a fresh chat session to prevent context drift and browser lag...
⚠️ Failed to open fresh chat: Page.goto: Target page, context or browser has been closed

[188/1169] Generating answer for: 1410.0759_Q05
  Q: According to Figure 1, how is convolution transformed into a matrix multiplication through the lower...
❌ Input element not found. Retrying in 5 seconds...
❌ Skip: Could not find input text area.
🔄 Starting a fresh chat session to prevent context drift and browser lag...
⚠️ Failed to open fresh chat: Page.goto: Target page, context or browser has been closed

[189/1169] Generating answer for: 1410.0759_Q09
  Q: According to Table 1, what do the parameters R, S, u, and v represent in cuDNN's convolution formula...
❌ Input element not found. Retrying in 5 seconds...
❌ Skip: Could not find input text area.
🔄 Starting a fresh chat session to prevent context drift and browser lag...
⚠️ Failed to open fresh chat: Page.goto: Target page, context or browser has been closed

[190/1169] Generating answer for: 1410.0759_Q13
  Q: What role does the indexing function defined in Equation (2) play in the convolution computation?...
❌ Input element not found. Retrying in 5 seconds...
❌ Skip: Could not find input text area.
🔄 Starting a fresh chat session to prevent context drift and browser lag...
⚠️ Failed to open fresh chat: Page.goto: Target page, context or browser has been closed

[191/1169] Generating answer for: 1410.1054_Q02
  Q: What four stages constitute a conventional optical character recognition (OCR) pipeline, and which s...
❌ Input element not found. Retrying in 5 seconds...
❌ Skip: Could not find input text area.
🔄 Starting a fresh chat session to prevent context drift and browser lag...
⚠️ Failed to open fresh chat: Page.goto: Target page, context or browser has been closed

[192/1169] Generating answer for: 1410.1054_Q06
  Q: According to Figure 1, which character images are used for training and which are used for testing i...
❌ Input element not found. Retrying in 5 seconds...
❌ Skip: Could not find input text area.
🔄 Starting a fresh chat session to prevent context drift and browser lag...
⚠️ Failed to open fresh chat: Page.goto: Target page, context or browser has been closed

[193/1169] Generating answer for: 1410.1054_Q10
  Q: How does Figure 4 demonstrate that the quantum OCR system correctly recognizes handwritten character...
❌ Input element not found. Retrying in 5 seconds...
❌ Skip: Could not find input text area.
🔄 Starting a fresh chat session to prevent context drift and browser lag...
⚠️ Failed to open fresh chat: Page.goto: Target page, context or browser has been closed

[194/1169] Generating answer for: 1410.1054_Q14
  Q: What physical interactions are included in the NMR Hamiltonian described by Equation (4)?...
❌ Input element not found. Retrying in 5 seconds...
❌ Skip: Could not find input text area.
🔄 Starting a fresh chat session to prevent context drift and browser lag...
⚠️ Failed to open fresh chat: Page.goto: Target page, context or browser has been closed

[195/1169] Generating answer for: 1412.2007_Q03
  Q: Describe how the candidate list used during decoding is constructed and explain why it is preferable...
❌ Input element not found. Retrying in 5 seconds...
❌ Skip: Could not find input text area.
🔄 Starting a fresh chat session to prevent context drift and browser lag...
⚠️ Failed to open fresh chat: Page.goto: Target page, context or browser has been closed

[196/1169] Generating answer for: 1412.2007_Q07
  Q: Based on Figure 1, why do the authors argue that allowing multiple dictionary candidates per source ...
❌ Input element not found. Retrying in 5 seconds...
❌ Skip: Could not find input text area.
🔄 Starting a fresh chat session to prevent context drift and browser lag...
⚠️ Failed to open fresh chat: Page.goto: Target page, context or browser has been closed

[197/1169] Generating answer for: 1412.2007_Q11
  Q: According to Table 3, how does using a candidate list affect the average per-word decoding time of R...
❌ Input element not found. Retrying in 5 seconds...
❌ Skip: Could not find input text area.
🔄 Starting a fresh chat session to prevent context drift and browser lag...
⚠️ Failed to open fresh chat: Page.goto: Target page, context or browser has been closed

[198/1169] Generating answer for: 1412.2007_Q15
  Q: What quantity is represented by the importance weight in Equation (11), and how is it computed?...
❌ Input element not found. Retrying in 5 seconds...
❌ Skip: Could not find input text area.
🔄 Starting a fresh chat session to prevent context drift and browser lag...
⚠️ Failed to open fresh chat: Page.goto: Target page, context or browser has been closed

[199/1169] Generating answer for: 1412.6071_Q04
  Q: According to the paper's conclusions, under what conditions do pseudorandom and random pooling regio...
❌ Input element not found. Retrying in 5 seconds...
❌ Skip: Could not find input text area.
🔄 Starting a fresh chat session to prevent context drift and browser lag...
⚠️ Failed to open fresh chat: Page.goto: Target page, context or browser has been closed

[200/1169] Generating answer for: 1412.6071_Q08
  Q: What trend is observed in Figure 4 as the number of repeat tests increases for a single MNIST-traine...
❌ Input element not found. Retrying in 5 seconds...
❌ Skip: Could not find input text area.
🔄 Starting a fresh chat session to prevent context drift and browser lag...
⚠️ Failed to open fresh chat: Page.goto: Target page, context or browser has been closed

[201/1169] Generating answer for: 1412.6071_Q12
  Q: In Equation (1), what distinguishes the two alternative definitions of the pooling regions Pi,j?...
❌ Input element not found. Retrying in 5 seconds...
❌ Skip: Could not find input text area.
🔄 Starting a fresh chat session to prevent context drift and browser lag...
⚠️ Failed to open fresh chat: Page.goto: Target page, context or browser has been closed

[202/1169] Generating answer for: 1412.7149_Q01
  Q: What computational motivation do the authors give for replacing the fully connected layers of convol...
❌ Input element not found. Retrying in 5 seconds...
❌ Skip: Could not find input text area.
🔄 Starting a fresh chat session to prevent context drift and browser lag...
⚠️ Failed to open fresh chat: Page.goto: Target page, context or browser has been closed

[203/1169] Generating answer for: 1412.7149_Q05
  Q: According to Figure 1, which component of a standard convolutional network is replaced in a Deep Fri...
❌ Input element not found. Retrying in 5 seconds...
❌ Skip: Could not find input text area.
🔄 Starting a fresh chat session to prevent context drift and browser lag...
⚠️ Failed to open fresh chat: Page.goto: Target page, context or browser has been closed

[204/1169] Generating answer for: 1412.7149_Q09
  Q: According to Table 1, which Deep Fried Convnet configuration achieved the lowest MNIST error rate, a...
❌ Input element not found. Retrying in 5 seconds...
❌ Skip: Could not find input text area.
🔄 Starting a fresh chat session to prevent context drift and browser lag...
⚠️ Failed to open fresh chat: Page.goto: Target page, context or browser has been closed

[205/1169] Generating answer for: 1412.7149_Q13
  Q: How does Equation (2) reduce the computational and storage complexity of a fully connected layer?...
❌ Input element not found. Retrying in 5 seconds...
❌ Skip: Could not find input text area.
🔄 Starting a fresh chat session to prevent context drift and browser lag...
⚠️ Failed to open fresh chat: Page.goto: Target page, context or browser has been closed

[206/1169] Generating answer for: 1412.7449_Q02
  Q: What preprocessing modifications did the authors apply to the parsing data before training, and whic...
❌ Input element not found. Retrying in 5 seconds...
❌ Skip: Could not find input text area.
🔄 Starting a fresh chat session to prevent context drift and browser lag...
⚠️ Failed to open fresh chat: Page.goto: Target page, context or browser has been closed

[207/1169] Generating answer for: 1412.7449_Q06
  Q: According to Figure 1, what are the roles of the input LSTMs and output LSTMs during parsing?...
❌ Input element not found. Retrying in 5 seconds...
❌ Skip: Could not find input text area.
🔄 Starting a fresh chat session to prevent context drift and browser lag...
⚠️ Failed to open fresh chat: Page.goto: Target page, context or browser has been closed

[208/1169] Generating answer for: 1412.7449_Q10
  Q: How do the lower visualizations in Figure 4 help interpret the parser's decoding strategy?...
❌ Input element not found. Retrying in 5 seconds...
❌ Skip: Could not find input text area.
🔄 Starting a fresh chat session to prevent context drift and browser lag...
⚠️ Failed to open fresh chat: Page.goto: Target page, context or browser has been closed

[209/1169] Generating answer for: 1412.7449_Q14
  Q: From Table 1, how much does using the high-confidence corpus improve a single LSTM+A model over trai...
❌ Input element not found. Retrying in 5 seconds...
❌ Skip: Could not find input text area.
🔄 Starting a fresh chat session to prevent context drift and browser lag...
⚠️ Failed to open fresh chat: Page.goto: Target page, context or browser has been closed

[210/1169] Generating answer for: 1502.07257_Q03
  Q: How was the Wikipedia Word-sense Induction (WWSI) dataset constructed, and what distinguishes it fro...
❌ Input element not found. Retrying in 5 seconds...
❌ Skip: Could not find input text area.
🔄 Starting a fresh chat session to prevent context drift and browser lag...
⚠️ Failed to open fresh chat: Page.goto: Target page, context or browser has been closed

[211/1169] Generating answer for: 1502.07257_Q07
  Q: Based on Figure 2, how does AdaGram compare with MSSG and NP-MSSG on the SemEval-2013 web search div...
❌ Input element not found. Retrying in 5 seconds...
❌ Skip: Could not find input text area.
🔄 Starting a fresh chat session to prevent context drift and browser lag...
⚠️ Failed to open fresh chat: Page.goto: Target page, context or browser has been closed

[212/1169] Generating answer for: 1502.07257_Q11
  Q: According to Table 3, which model obtains the best Adjusted Rand Index on the WWSI test dataset, and...
❌ Input element not found. Retrying in 5 seconds...
❌ Skip: Could not find input text area.
🔄 Starting a fresh chat session to prevent context drift and browser lag...
⚠️ Failed to open fresh chat: Page.goto: Target page, context or browser has been closed

[213/1169] Generating answer for: 1502.07257_Q15
  Q: According to Equation (8), how is the posterior probability of a word sense given its context comput...
❌ Input element not found. Retrying in 5 seconds...
❌ Skip: Could not find input text area.
🔄 Starting a fresh chat session to prevent context drift and browser lag...
⚠️ Failed to open fresh chat: Page.goto: Target page, context or browser has been closed

[214/1169] Generating answer for: 1503.01838_Q04
  Q: According to the conclusion, what overall performance improvements do tagCNN and inCNN achieve over ...
❌ Input element not found. Retrying in 5 seconds...
❌ Skip: Could not find input text area.
🔄 Starting a fresh chat session to prevent context drift and browser lag...
⚠️ Failed to open fresh chat: Page.goto: Target page, context or browser has been closed

[215/1169] Generating answer for: 1503.01838_Q08
  Q: According to Figure 3, how are dependency-to-string translation rules represented in the proposed de...
❌ Input element not found. Retrying in 5 seconds...
❌ Skip: Could not find input text area.
🔄 Starting a fresh chat session to prevent context drift and browser lag...
⚠️ Failed to open fresh chat: Page.goto: Target page, context or browser has been closed

[216/1169] Generating answer for: 1503.01838_Q12
  Q: What computation is performed by Equation (1) in the convolutional encoder?...
❌ Input element not found. Retrying in 5 seconds...
❌ Skip: Could not find input text area.
🔄 Starting a fresh chat session to prevent context drift and browser lag...
⚠️ Failed to open fresh chat: Page.goto: Target page, context or browser has been closed

[217/1169] Generating answer for: 1503.03832_Q01
  Q: What are the three face-related tasks that FaceNet unifies using a single Euclidean embedding repres...
❌ Input element not found. Retrying in 5 seconds...
❌ Skip: Could not find input text area.
🔄 Starting a fresh chat session to prevent context drift and browser lag...
⚠️ Failed to open fresh chat: Page.goto: Target page, context or browser has been closed

[218/1169] Generating answer for: 1503.03832_Q05
  Q: According to Figure 1, what does the illustrated distribution of pairwise distances demonstrate abou...
❌ Input element not found. Retrying in 5 seconds...
❌ Skip: Could not find input text area.
🔄 Starting a fresh chat session to prevent context drift and browser lag...
⚠️ Failed to open fresh chat: Page.goto: Target page, context or browser has been closed

[219/1169] Generating answer for: 1503.03832_Q09
  Q: According to Table 1, how many parameters and FLOPS does the NN1 architecture require?...
❌ Input element not found. Retrying in 5 seconds...
❌ Skip: Could not find input text area.
🔄 Starting a fresh chat session to prevent context drift and browser lag...
⚠️ Failed to open fresh chat: Page.goto: Target page, context or browser has been closed

[220/1169] Generating answer for: 1503.03832_Q13
  Q: What does Equation (3) optimize during FaceNet training?...
❌ Input element not found. Retrying in 5 seconds...
❌ Skip: Could not find input text area.
🔄 Starting a fresh chat session to prevent context drift and browser lag...
⚠️ Failed to open fresh chat: Page.goto: Target page, context or browser has been closed

[221/1169] Generating answer for: 1503.08895_Q02
  Q: Why do the authors introduce temporal encoding and random noise when training on the bAbI question a...
❌ Input element not found. Retrying in 5 seconds...
❌ Skip: Could not find input text area.
🔄 Starting a fresh chat session to prevent context drift and browser lag...
⚠️ Failed to open fresh chat: Page.goto: Target page, context or browser has been closed

[222/1169] Generating answer for: 1503.08895_Q06
  Q: What architectural extension is illustrated in Figure 1(b) compared with Figure 1(a)?...
❌ Input element not found. Retrying in 5 seconds...
❌ Skip: Could not find input text area.
🔄 Starting a fresh chat session to prevent context drift and browser lag...
⚠️ Failed to open fresh chat: Page.goto: Target page, context or browser has been closed

[223/1169] Generating answer for: 1503.08895_Q10
  Q: Based on Table 2, how does increasing the number of memory hops affect perplexity on the Penn Treeba...
❌ Input element not found. Retrying in 5 seconds...
❌ Skip: Could not find input text area.
🔄 Starting a fresh chat session to prevent context drift and browser lag...
⚠️ Failed to open fresh chat: Page.goto: Target page, context or browser has been closed

[224/1169] Generating answer for: 1503.08895_Q14
  Q: What computation is performed by Equation (3) to generate the model's final prediction in the single...
❌ Input element not found. Retrying in 5 seconds...
❌ Skip: Could not find input text area.
🔄 Starting a fresh chat session to prevent context drift and browser lag...
⚠️ Failed to open fresh chat: Page.goto: Target page, context or browser has been closed

[225/1169] Generating answer for: 1511.06434_Q03
  Q: How are discriminator features transformed before training the CIFAR-10 classifier, and what is the ...
❌ Input element not found. Retrying in 5 seconds...
❌ Skip: Could not find input text area.
🔄 Starting a fresh chat session to prevent context drift and browser lag...
⚠️ Failed to open fresh chat: Page.goto: Target page, context or browser has been closed

[226/1169] Generating answer for: 1511.06434_Q07
  Q: What property of the latent space is demonstrated by Figure 4 through interpolation between latent v...
❌ Input element not found. Retrying in 5 seconds...
❌ Skip: Could not find input text area.
🔄 Starting a fresh chat session to prevent context drift and browser lag...
⚠️ Failed to open fresh chat: Page.goto: Target page, context or browser has been closed

[227/1169] Generating answer for: 1511.06434_Q11
  Q: According to Table 1, how does DCGAN with an L2-SVM compare with Exemplar CNN on CIFAR-10 classifica...
❌ Input element not found. Retrying in 5 seconds...
❌ Skip: Could not find input text area.
🔄 Starting a fresh chat session to prevent context drift and browser lag...
⚠️ Failed to open fresh chat: Page.goto: Target page, context or browser has been closed

[228/1169] Generating answer for: 1511.06434_Q15
  Q: Using Table 3, compare the nearest-neighbor classification performance of the baseline GAN and DCGAN...
❌ Input element not found. Retrying in 5 seconds...
❌ Skip: Could not find input text area.
🔄 Starting a fresh chat session to prevent context drift and browser lag...
⚠️ Failed to open fresh chat: Page.goto: Target page, context or browser has been closed

[229/1169] Generating answer for: 1502.03492_Q04
  Q: What practical strategy did the authors use to maintain stable meta-learning when hypergradients bec...
❌ Input element not found. Retrying in 5 seconds...
❌ Skip: Could not find input text area.
🔄 Starting a fresh chat session to prevent context drift and browser lag...
⚠️ Failed to open fresh chat: Page.goto: Target page, context or browser has been closed

[230/1169] Generating answer for: 1502.03492_Q08
  Q: What trend does Figure 5 reveal about the optimized weight initialization scales compared with the h...
❌ Input element not found. Retrying in 5 seconds...
❌ Skip: Could not find input text area.
🔄 Starting a fresh chat session to prevent context drift and browser lag...
⚠️ Failed to open fresh chat: Page.goto: Target page, context or browser has been closed

[231/1169] Generating answer for: 1502.03492_Q12
  Q: According to Algorithm 2, how is the previous parameter vector reconstructed during the reverse pass...
❌ Input element not found. Retrying in 5 seconds...
❌ Skip: Could not find input text area.
🔄 Starting a fresh chat session to prevent context drift and browser lag...
⚠️ Failed to open fresh chat: Page.goto: Target page, context or browser has been closed

[232/1169] Generating answer for: 1502.04623_Q01
  Q: What are the three key architectural differences between DRAW and conventional variational auto-enco...
❌ Input element not found. Retrying in 5 seconds...
❌ Skip: Could not find input text area.
🔄 Starting a fresh chat session to prevent context drift and browser lag...
⚠️ Failed to open fresh chat: Page.goto: Target page, context or browser has been closed

[233/1169] Generating answer for: 1502.04623_Q05
  Q: According to Figure 1, how does the DRAW network progressively generate MNIST digits, and what does ...
❌ Input element not found. Retrying in 5 seconds...
❌ Skip: Could not find input text area.
🔄 Starting a fresh chat session to prevent context drift and browser lag...
⚠️ Failed to open fresh chat: Page.goto: Target page, context or browser has been closed

[234/1169] Generating answer for: 1502.04623_Q09
  Q: According to Table 1, what classification error is achieved by Differentiable RAM with 8 glimpses on...
❌ Input element not found. Retrying in 5 seconds...
❌ Skip: Could not find input text area.
🔄 Starting a fresh chat session to prevent context drift and browser lag...
⚠️ Failed to open fresh chat: Page.goto: Target page, context or browser has been closed

[235/1169] Generating answer for: 1502.04623_Q13
  Q: What is the purpose of Equation (10) in the DRAW objective function?...
❌ Input element not found. Retrying in 5 seconds...
❌ Skip: Could not find input text area.
🔄 Starting a fresh chat session to prevent context drift and browser lag...
⚠️ Failed to open fresh chat: Page.goto: Target page, context or browser has been closed

[236/1169] Generating answer for: 1502.04681_Q02
  Q: What two types of input representations are explored for training the proposed LSTM Encoder-Decoder ...
❌ Input element not found. Retrying in 5 seconds...
❌ Skip: Could not find input text area.
🔄 Starting a fresh chat session to prevent context drift and browser lag...
⚠️ Failed to open fresh chat: Page.goto: Target page, context or browser has been closed

[237/1169] Generating answer for: 1502.04681_Q06
  Q: What architectural difference between the Autoencoder and Future Predictor models is illustrated in ...
❌ Input element not found. Retrying in 5 seconds...
❌ Skip: Could not find input text area.
🔄 Starting a fresh chat session to prevent context drift and browser lag...
⚠️ Failed to open fresh chat: Page.goto: Target page, context or browser has been closed

[238/1169] Generating answer for: 1502.04681_Q10
  Q: Using Table 2, which model achieves the lowest future prediction error on both moving MNIST and natu...
❌ Input element not found. Retrying in 5 seconds...
❌ Skip: Could not find input text area.
🔄 Starting a fresh chat session to prevent context drift and browser lag...
⚠️ Failed to open fresh chat: Page.goto: Target page, context or browser has been closed

[239/1169] Generating answer for: 1502.04681_Q14
  Q: What role does Equation (10) play in the LSTM computation?...
❌ Input element not found. Retrying in 5 seconds...
❌ Skip: Could not find input text area.
🔄 Starting a fresh chat session to prevent context drift and browser lag...
⚠️ Failed to open fresh chat: Page.goto: Target page, context or browser has been closed

[240/1169] Generating answer for: 1502.05698_Q03
  Q: How does the simulation framework ensure that correct answers to generated questions are available d...
❌ Input element not found. Retrying in 5 seconds...
❌ Skip: Could not find input text area.
🔄 Starting a fresh chat session to prevent context drift and browser lag...
⚠️ Failed to open fresh chat: Page.goto: Target page, context or browser has been closed

[241/1169] Generating answer for: 1502.05698_Q07
  Q: Based on Table 2, which task evaluates reasoning about the relative sizes of objects, and what is th...
❌ Input element not found. Retrying in 5 seconds...
❌ Skip: Could not find input text area.
🔄 Starting a fresh chat session to prevent context drift and browser lag...
⚠️ Failed to open fresh chat: Page.goto: Target page, context or browser has been closed

[242/1169] Generating answer for: 1502.05698_Q11
  Q: According to Equation (1), how is the first supporting memory selected in the original Memory Networ...
❌ Input element not found. Retrying in 5 seconds...
❌ Skip: Could not find input text area.
🔄 Starting a fresh chat session to prevent context drift and browser lag...
⚠️ Failed to open fresh chat: Page.goto: Target page, context or browser has been closed

[243/1169] Generating answer for: 1502.05698_Q15
  Q: According to Equation (6), how does the proposed nonlinear embedding differ from the standard embedd...
❌ Input element not found. Retrying in 5 seconds...
❌ Skip: Could not find input text area.
🔄 Starting a fresh chat session to prevent context drift and browser lag...
⚠️ Failed to open fresh chat: Page.goto: Target page, context or browser has been closed

[244/1169] Generating answer for: 1504.00702_Q04
  Q: What four research questions are explicitly listed to motivate the experimental evaluation?...
❌ Input element not found. Retrying in 5 seconds...
❌ Skip: Could not find input text area.
🔄 Starting a fresh chat session to prevent context drift and browser lag...
⚠️ Failed to open fresh chat: Page.goto: Target page, context or browser has been closed

[245/1169] Generating answer for: 1504.00702_Q08
  Q: How does Figure 8 support the evaluation of end-to-end visuomotor learning across different manipula...
❌ Input element not found. Retrying in 5 seconds...
❌ Skip: Could not find input text area.
🔄 Starting a fresh chat session to prevent context drift and browser lag...
⚠️ Failed to open fresh chat: Page.goto: Target page, context or browser has been closed

[246/1169] Generating answer for: 1504.00702_Q12
  Q: What optimization problem is formalized in Equation (1), and why is introducing the guiding distribu...
❌ Input element not found. Retrying in 5 seconds...
❌ Skip: Could not find input text area.
🔄 Starting a fresh chat session to prevent context drift and browser lag...
⚠️ Failed to open fresh chat: Page.goto: Target page, context or browser has been closed

[247/1169] Generating answer for: 1504.04658_Q01
  Q: What dataset did the authors use to train and evaluate their vocal separation system, and how was it...
❌ Input element not found. Retrying in 5 seconds...
❌ Skip: Could not find input text area.
🔄 Starting a fresh chat session to prevent context drift and browser lag...
⚠️ Failed to open fresh chat: Page.goto: Target page, context or browser has been closed

[248/1169] Generating answer for: 1504.04658_Q05
  Q: According to the discussion, what primary advantage does the convolutional DNN demonstrate over the ...
❌ Input element not found. Retrying in 5 seconds...
❌ Skip: Could not find input text area.
🔄 Starting a fresh chat session to prevent context drift and browser lag...
⚠️ Failed to open fresh chat: Page.goto: Target page, context or browser has been closed

[249/1169] Generating answer for: 1504.04658_Q09
  Q: Based on Figure 2, how does changing the confidence threshold α influence the trade-off among SDR, S...
❌ Input element not found. Retrying in 5 seconds...
❌ Skip: Could not find input text area.
🔄 Starting a fresh chat session to prevent context drift and browser lag...
⚠️ Failed to open fresh chat: Page.goto: Target page, context or browser has been closed

[250/1169] Generating answer for: 1504.04658_Q13
  Q: Why do Equations (1) and (2) average predictions across multiple overlapping windows before threshol...
❌ Input element not found. Retrying in 5 seconds...
❌ Skip: Could not find input text area.
🔄 Starting a fresh chat session to prevent context drift and browser lag...
⚠️ Failed to open fresh chat: Page.goto: Target page, context or browser has been closed

[251/1169] Generating answer for: 1506.03877_Q02
  Q: How are the observed and latent variables organized in the Bidirectional Helmholtz Machine described...
❌ Input element not found. Retrying in 5 seconds...
❌ Skip: Could not find input text area.
🔄 Starting a fresh chat session to prevent context drift and browser lag...
⚠️ Failed to open fresh chat: Page.goto: Target page, context or browser has been closed

[252/1169] Generating answer for: 1506.03877_Q06
  Q: What experiment is demonstrated in Figure 2, and how are the reconstructed images generated?...
❌ Input element not found. Retrying in 5 seconds...
❌ Skip: Could not find input text area.
🔄 Starting a fresh chat session to prevent context drift and browser lag...
⚠️ Failed to open fresh chat: Page.goto: Target page, context or browser has been closed

[253/1169] Generating answer for: 1506.03877_Q10
  Q: What architectural difference between BiHM and RWS is highlighted in Table 2?...
❌ Input element not found. Retrying in 5 seconds...
❌ Skip: Could not find input text area.
🔄 Starting a fresh chat session to prevent context drift and browser lag...
⚠️ Failed to open fresh chat: Page.goto: Target page, context or browser has been closed

[254/1169] Generating answer for: 1506.03877_Q14
  Q: How is importance sampling used in Equation (4) to estimate the Bidirectional Helmholtz Machine obje...
❌ Input element not found. Retrying in 5 seconds...
❌ Skip: Could not find input text area.
🔄 Starting a fresh chat session to prevent context drift and browser lag...
⚠️ Failed to open fresh chat: Page.goto: Target page, context or browser has been closed

[255/1169] Generating answer for: 1506.04214_Q03
  Q: What four main conclusions are summarized from the experiments conducted on the Moving-MNIST and rad...
❌ Input element not found. Retrying in 5 seconds...
❌ Skip: Could not find input text area.
🔄 Starting a fresh chat session to prevent context drift and browser lag...
⚠️ Failed to open fresh chat: Page.goto: Target page, context or browser has been closed

[256/1169] Generating answer for: 1506.04214_Q07
  Q: What is the purpose of the encoding-forecasting architecture shown in Figure 3?...
❌ Input element not found. Retrying in 5 seconds...
❌ Skip: Could not find input text area.
🔄 Starting a fresh chat session to prevent context drift and browser lag...
⚠️ Failed to open fresh chat: Page.goto: Target page, context or browser has been closed

[257/1169] Generating answer for: 1506.04214_Q11
  Q: According to Table 3, which parameter of the ROVER optical flow estimator has the largest numerical ...
❌ Input element not found. Retrying in 5 seconds...
❌ Skip: Could not find input text area.
🔄 Starting a fresh chat session to prevent context drift and browser lag...
⚠️ Failed to open fresh chat: Page.goto: Target page, context or browser has been closed

[258/1169] Generating answer for: 1506.04214_Q15
  Q: What approximation is expressed by Equation (4) for sequence forecasting in the encoding-forecasting...
❌ Input element not found. Retrying in 5 seconds...
❌ Skip: Could not find input text area.
🔄 Starting a fresh chat session to prevent context drift and browser lag...
⚠️ Failed to open fresh chat: Page.goto: Target page, context or browser has been closed

[259/1169] Generating answer for: 1511.08130_Q04
  Q: What distinct roles do the Teacher and the Environment play within the proposed learning ecosystem?...
❌ Input element not found. Retrying in 5 seconds...
❌ Skip: Could not find input text area.
🔄 Starting a fresh chat session to prevent context drift and browser lag...
⚠️ Failed to open fresh chat: Page.goto: Target page, context or browser has been closed

[260/1169] Generating answer for: 1511.08130_Q08
  Q: What are the main conclusions of the paper regarding the future development of intelligent machines?...
❌ Input element not found. Retrying in 5 seconds...
❌ Skip: Could not find input text area.
🔄 Starting a fresh chat session to prevent context drift and browser lag...
⚠️ Failed to open fresh chat: Page.goto: Target page, context or browser has been closed

[261/1169] Generating answer for: 1511.08130_Q12
  Q: Which environmental elements shown in Figure 2 prevent successful completion of the Teacher's comman...
❌ Input element not found. Retrying in 5 seconds...
❌ Skip: Could not find input text area.
🔄 Starting a fresh chat session to prevent context drift and browser lag...
⚠️ Failed to open fresh chat: Page.goto: Target page, context or browser has been closed

[262/1169] Generating answer for: 1410.4615_Q01
  Q: Why do the authors restrict the program class to programs that can be evaluated in O(n) time and con...
❌ Input element not found. Retrying in 5 seconds...
❌ Skip: Could not find input text area.
🔄 Starting a fresh chat session to prevent context drift and browser lag...
⚠️ Failed to open fresh chat: Page.goto: Target page, context or browser has been closed

[263/1169] Generating answer for: 1410.4615_Q05
  Q: What are the main architectural and optimization settings used for the LSTM during the experiments?...
❌ Input element not found. Retrying in 5 seconds...
❌ Skip: Could not find input text area.
🔄 Starting a fresh chat session to prevent context drift and browser lag...
⚠️ Failed to open fresh chat: Page.goto: Target page, context or browser has been closed

[264/1169] Generating answer for: 1410.4615_Q09
  Q: According to Figure 1, what types of Python program constructs are illustrated in the example progra...
❌ Input element not found. Retrying in 5 seconds...
❌ Skip: Could not find input text area.
🔄 Starting a fresh chat session to prevent context drift and browser lag...
⚠️ Failed to open fresh chat: Page.goto: Target page, context or browser has been closed

[265/1169] Generating answer for: 1410.4615_Q13
  Q: What conclusion does Figure 5 support regarding the relative effectiveness of different curriculum l...
❌ Input element not found. Retrying in 5 seconds...
❌ Skip: Could not find input text area.
🔄 Starting a fresh chat session to prevent context drift and browser lag...
⚠️ Failed to open fresh chat: Page.goto: Target page, context or browser has been closed

[266/1169] Generating answer for: 1504.00641_Q02
  Q: Why does the paper argue that Deep Convolutional Networks struggle with occlusion and clutter, accor...
❌ Input element not found. Retrying in 5 seconds...
❌ Skip: Could not find input text area.
🔄 Starting a fresh chat session to prevent context drift and browser lag...
⚠️ Failed to open fresh chat: Page.goto: Target page, context or browser has been closed

[267/1169] Generating answer for: 1504.00641_Q06
  Q: According to Figure 2, what sequence of representations connects the Deep Rendering Model to a Deep ...
❌ Input element not found. Retrying in 5 seconds...
❌ Skip: Could not find input text area.
🔄 Starting a fresh chat session to prevent context drift and browser lag...
⚠️ Failed to open fresh chat: Page.goto: Target page, context or browser has been closed

[268/1169] Generating answer for: 1504.00641_Q10
  Q: According to Table 1, what probabilistic interpretation is assigned to the ReLU activation function?...
❌ Input element not found. Retrying in 5 seconds...
❌ Skip: Could not find input text area.
🔄 Starting a fresh chat session to prevent context drift and browser lag...
⚠️ Failed to open fresh chat: Page.goto: Target page, context or browser has been closed

[269/1169] Generating answer for: 1504.00641_Q14
  Q: How does Equation (13) relate Deep Rendering Model inference to convolution and max-pooling operatio...
❌ Input element not found. Retrying in 5 seconds...
❌ Skip: Could not find input text area.
🔄 Starting a fresh chat session to prevent context drift and browser lag...
⚠️ Failed to open fresh chat: Page.goto: Target page, context or browser has been closed

[270/1169] Generating answer for: 1507.01526_Q03
  Q: How does Grid LSTM support inputs originating from multiple sides of the computational grid?...
❌ Input element not found. Retrying in 5 seconds...
❌ Skip: Could not find input text area.
🔄 Starting a fresh chat session to prevent context drift and browser lag...
⚠️ Failed to open fresh chat: Page.goto: Target page, context or browser has been closed

[271/1169] Generating answer for: 1507.01526_Q07
  Q: What does Figure 4 demonstrate about the learning efficiency of the tied 2-LSTM on the 15-digit addi...
❌ Input element not found. Retrying in 5 seconds...
❌ Skip: Could not find input text area.
🔄 Starting a fresh chat session to prevent context drift and browser lag...
⚠️ Failed to open fresh chat: Page.goto: Target page, context or browser has been closed

[272/1169] Generating answer for: 1507.01526_Q11
  Q: Based on Table 1 in the translation experiments, compare the Test-15 BLEU scores of the 3-LSTM and t...
❌ Input element not found. Retrying in 5 seconds...
❌ Skip: Could not find input text area.
🔄 Starting a fresh chat session to prevent context drift and browser lag...
⚠️ Failed to open fresh chat: Page.goto: Target page, context or browser has been closed

[273/1169] Generating answer for: 1507.01526_Q15
  Q: What role does Equation (8) play in extending the Grid LSTM architecture?...
❌ Input element not found. Retrying in 5 seconds...
❌ Skip: Could not find input text area.
🔄 Starting a fresh chat session to prevent context drift and browser lag...
⚠️ Failed to open fresh chat: Page.goto: Target page, context or browser has been closed

[274/1169] Generating answer for: 1507.04808_Q04
  Q: According to the authors' analysis, what are the main reasons that MAP decoding often produces gener...
❌ Input element not found. Retrying in 5 seconds...
❌ Skip: Could not find input text area.
🔄 Starting a fresh chat session to prevent context drift and browser lag...
⚠️ Failed to open fresh chat: Page.goto: Target page, context or browser has been closed

[275/1169] Generating answer for: 1507.04808_Q08
  Q: Based on Figure 1 and its accompanying discussion, why is HRED expected to scale better to long dial...
❌ Input element not found. Retrying in 5 seconds...
❌ Skip: Could not find input text area.
🔄 Starting a fresh chat session to prevent context drift and browser lag...
⚠️ Failed to open fresh chat: Page.goto: Target page, context or browser has been closed

[276/1169] Generating answer for: 1507.04808_Q12
  Q: According to Equation (1), how is the probability of an entire dialogue factorized?...
❌ Input element not found. Retrying in 5 seconds...
❌ Skip: Could not find input text area.
🔄 Starting a fresh chat session to prevent context drift and browser lag...
⚠️ Failed to open fresh chat: Page.goto: Target page, context or browser has been closed

[277/1169] Generating answer for: 1507.08050_Q01
  Q: What are the four required third-party Python dependencies that are automatically installed when PyM...
❌ Input element not found. Retrying in 5 seconds...
❌ Skip: Could not find input text area.
🔄 Starting a fresh chat session to prevent context drift and browser lag...
⚠️ Failed to open fresh chat: Page.goto: Target page, context or browser has been closed

[278/1169] Generating answer for: 1507.08050_Q05
  Q: How does PyMC3 automatically handle variables with positive-only prior distributions such as the Exp...
❌ Input element not found. Retrying in 5 seconds...
❌ Skip: Could not find input text area.
🔄 Starting a fresh chat session to prevent context drift and browser lag...
⚠️ Failed to open fresh chat: Page.goto: Target page, context or browser has been closed

[279/1169] Generating answer for: 1507.08050_Q09
  Q: In the Bayesian linear regression model, what mathematical expression defines the expected value of ...
❌ Input element not found. Retrying in 5 seconds...
❌ Skip: Could not find input text area.
🔄 Starting a fresh chat session to prevent context drift and browser lag...
⚠️ Failed to open fresh chat: Page.goto: Target page, context or browser has been closed

[280/1169] Generating answer for: 1507.08050_Q13
  Q: How is the Poisson rate parameter rt defined before and after the switchpoint in the coal mining dis...
❌ Input element not found. Retrying in 5 seconds...
❌ Skip: Could not find input text area.
🔄 Starting a fresh chat session to prevent context drift and browser lag...
⚠️ Failed to open fresh chat: Page.goto: Target page, context or browser has been closed

[281/1169] Generating answer for: 1508.00019_Q02
  Q: Why do the authors argue that integrating machine learning and artificial intelligence is necessary ...
❌ Input element not found. Retrying in 5 seconds...
❌ Skip: Could not find input text area.
🔄 Starting a fresh chat session to prevent context drift and browser lag...
⚠️ Failed to open fresh chat: Page.goto: Target page, context or browser has been closed

[282/1169] Generating answer for: 1508.00019_Q06
  Q: According to Figure 1, which class of cognitive challenges remains largely unsolved and motivates th...
❌ Input element not found. Retrying in 5 seconds...
❌ Skip: Could not find input text area.
🔄 Starting a fresh chat session to prevent context drift and browser lag...
⚠️ Failed to open fresh chat: Page.goto: Target page, context or browser has been closed

[283/1169] Generating answer for: 1508.00019_Q10
  Q: What does Figure 8 demonstrate about the relationship between planning in belief space and execution...
❌ Input element not found. Retrying in 5 seconds...
❌ Skip: Could not find input text area.
🔄 Starting a fresh chat session to prevent context drift and browser lag...
⚠️ Failed to open fresh chat: Page.goto: Target page, context or browser has been closed

[284/1169] Generating answer for: 1508.00019_Q14
  Q: What additional internal representation distinguishes the memory+policy architecture summarized in T...
❌ Input element not found. Retrying in 5 seconds...
❌ Skip: Could not find input text area.
🔄 Starting a fresh chat session to prevent context drift and browser lag...
⚠️ Failed to open fresh chat: Page.goto: Target page, context or browser has been closed

[285/1169] Generating answer for: 1509.00519_Q03
  Q: Which benchmark datasets were used to evaluate the models, and how were the observations represented...
❌ Input element not found. Retrying in 5 seconds...
❌ Skip: Could not find input text area.
🔄 Starting a fresh chat session to prevent context drift and browser lag...
⚠️ Failed to open fresh chat: Page.goto: Target page, context or browser has been closed

[286/1169] Generating answer for: 1509.00519_Q07
  Q: Based on Table 1, how does increasing k from 1 to 50 affect the IWAE's performance on the Omniglot d...
❌ Input element not found. Retrying in 5 seconds...
Could not find input text area.
🔄 Starting a fresh chat session to prevent context drift and browser lag...
⚠️ Failed to open fresh chat: Page.goto: Target page, context or browser has been closed

[285/1169] Generating answer for: 1509.00519_Q03
  Q: Which benchmark datasets were used to evaluate the models, and how were the observations represented...
❌ Input element not found. Retrying in 5 seconds...
❌ Skip: Could not find input text area.
🔄 Starting a fresh chat session to prevent context drift and browser lag...
⚠️ Failed to open fresh chat: Page.goto: Target page, context or browser has been closed

[286/1169] Generating answer for: 1509.00519_Q07
  Q: Based on Table 1, how does increasing k from 1 to 50 affect the IWAE's performance on the Omniglot d...
❌ Input element not found. Retrying in 5 seconds...
❌ Skip: Could not find input text area.
🔄 Starting a fresh chat session to prevent context drift and browser lag...
⚠️ Failed to open fresh chat: Page.goto: Target page, context or browser has been closed

[287/1169] Generating answer for: 1509.00519_Q11
  Q: According to Equation (3), what variational lower bound is optimized by the standard Variational Aut...
❌ Input element not found. Retrying in 5 seconds...
❌ Skip: Could not find input text area.
🔄 Starting a fresh chat session to prevent context drift and browser lag...
⚠️ Failed to open fresh chat: Page.goto: Target page, context or browser has been closed

[288/1169] Generating answer for: 1509.00519_Q15
  Q: How does Equation (13) compute the gradient of the IWAE objective, and what role do the normalized i...
❌ Input element not found. Retrying in 5 seconds...
❌ Skip: Could not find input text area.
🔄 Starting a fresh chat session to prevent context drift and browser lag...
⚠️ Failed to open fresh chat: Page.goto: Target page, context or browser has been closed

[289/1169] Generating answer for: 1509.05009_Q04
  Q: What are the two principal mathematical toolsets combined in the proof sketch for Theorem 1, and wha...
❌ Input element not found. Retrying in 5 seconds...
❌ Skip: Could not find input text area.
🔄 Starting a fresh chat session to prevent context drift and browser lag...
⚠️ Failed to open fresh chat: Page.goto: Target page, context or browser has been closed

[290/1169] Generating answer for: 1509.05009_Q08
  Q: Based on Figure 2, how is the depth of the HT model related to the number of input vectors N?...
❌ Input element not found. Retrying in 5 seconds...
❌ Skip: Could not find input text area.
🔄 Starting a fresh chat session to prevent context drift and browser lag...
⚠️ Failed to open fresh chat: Page.goto: Target page, context or browser has been closed

[291/1169] Generating answer for: 1509.05009_Q12
  Q: What mathematical decomposition is expressed by Equation (3), and how is it used to derive the shall...
❌ Input element not found. Retrying in 5 seconds...
❌ Skip: Could not find input text area.
🔄 Starting a fresh chat session to prevent context drift and browser lag...
⚠️ Failed to open fresh chat: Page.goto: Target page, context or browser has been closed

[292/1169] Generating answer for: 1509.08379_Q01
  Q: What is the main conceptual goal of the paper in relating FRAME models and convolutional neural netw...
❌ Input element not found. Retrying in 5 seconds...
❌ Skip: Could not find input text area.
🔄 Starting a fresh chat session to prevent context drift and browser lag...
⚠️ Failed to open fresh chat: Page.goto: Target page, context or browser has been closed

[293/1169] Generating answer for: 1509.08379_Q05
  Q: According to the conclusion, what future research direction do the authors identify for generative C...
❌ Input element not found. Retrying in 5 seconds...
❌ Skip: Could not find input text area.
🔄 Starting a fresh chat session to prevent context drift and browser lag...
⚠️ Failed to open fresh chat: Page.goto: Target page, context or browser has been closed

[294/1169] Generating answer for: 1509.08379_Q09
  Q: How does Figure 4 demonstrate hybrid texture generation?...
❌ Input element not found. Retrying in 5 seconds...
❌ Skip: Could not find input text area.
🔄 Starting a fresh chat session to prevent context drift and browser lag...
⚠️ Failed to open fresh chat: Page.goto: Target page, context or browser has been closed

[295/1169] Generating answer for: 1509.08379_Q13
  Q: Why is Equation (11) essential to the learning algorithm, and what quantities determine each Langevi...
❌ Input element not found. Retrying in 5 seconds...
                                                                                                                                                                                                                                                                                                                                                                                                                                                                                                                                                                                                                                                                                                                                                                                                                                                                                                                                                                                                                                                                                                                                                                                                                                                                                                                                                                                                                                                                                                                                                                                                                                                                                                                                                                                                                                                                                                                                                                                                                                                                                                                                                                                                                                                                                                                                                                                                                                                                                                                                                                                                                                                                                                                                                                                                                                                                                                                                                                                                                                                                                                                                                                                                                                                                                                                                                                                                                                                                                                                                                                                                                                                                                                                                                                                                                                                                                                                                                                                                                                                                                                                                                                                                                                                                                                                                                                                                                                                                                                                                                                                                                                                                                                                                                                                                                                                                                                                                                                                                                                                                                                                                                                                                                                                                                                                                                                                                                                                                                                                                                                                                                                                                                                                                                                                                                                                                                                                                                                                                                                                                                                                                                                                                                                                                                                                                                                                                                                                                                                                                                                                                                                                                                                                                                                                                                                                                                                                                                                                                                                                                                                                                                                                                                                                                                                                                                                                                                                                                                                                                                                                                                                                                                                                                                                                                                                                                                                                                                                                                                                                                                                                                                                                                                                                                                                                                                                                                                                                                                                                                                                                                                                                                                                                                                                                                                                                                                                                                                                                                                                                                                                                                                                                                                                                                                                                                                                                                                                                                                                                                                                                                                                                                                                                                                                                                                                                                                                                                                                                                                                                                                                                                                                                                                                                                                                                                                                                                                                                                                                                                                                                                                                                                                                                                                                                                                                                                                                                                                                                                                                                                                                                                                                                                                                                                                                                                                                                                                                                                                                                                                                                                                                                                                                                                                                                                                                                                                                                                                                                                                                                                                                                                                                                                                                                                                                                                                                                                                                                                                                                                                                                                                                                                                                                                                                                                                                                                                                                                                                                                                                                                                                                                                                                                                                                                                                                                                                                                                                                                                                                                                                                                                                                                                                                                                                                                                                                                                                                                                                                                                                                                                                                                                                                                                                                                                                                                                                                                                                                                                                                                                                                                                                                                                                                                                                                                                                                                                                                                                                                                                                                                                                                                                                                                                                                                                                                                                                                                                                                                                                                                                                                                                                                                                                                                                                                                                                                                                                                                                                                                                                                                                                                                                                                                                                                                                                                                                                                                                                                                                                                                                                                                                                                                                                                                                                                                                                                                                                                                                                                                                                                                                                                                                                                                                                                                                                                                                                                                                                                                                                                                                                                                                                                                                                                                                                                                                                                                                                                                                                                                                                                                                                                                                                                                                                                                                                                                                                                                                                                                                                                                                                                                                                                                                                                                                                                                                                                                                                                                                                                                                                                                                                                                                                                                                                                                                                                                                                                                                                                                                                                                                                                                                                                                                                                                                                                                                                                                                                                                                                                                                                                                                                                                                                                                                                                                                                                                                                                                                                                                                                                                                                                                                                                                                                                                                                                                                                                                                                                                                                                                                                                                                                                                                                                                                                                                                                                                                                                                                                                                                                                                                                                                                                                                                                                                                                                                                                                                                                                                                                                                                                                                                                                                                                                                                                                                                                                                                                                                                                                                                                                                                                                                                                                                                                                                                                                                                                                                                                                                                                                                                                                                                                                                                                                                                                                                                                                                                                                                                                                                                                                                                                                                                                                                                                                                                                                                                                                                                                                                                                                                                                                                                                                                                                                                                                                                                                                                                                                                                                                                                                                                                                                                                                                                                                                                                                                                                                                                                                                                                                                                                                                                                                                                                                                                                                                                                                                                                                                                                                                                                                                                                                                                                                                                                                                                                                                                                                                                                                                                                                                                                                                                                                                                                                                                                                                                                                                                                                                                                                                                                                                                                                                                                                                                                                                                                                                                                                                                                                                                                                                                                                                                                                                                                                                                                                                                                                                                                                                                                                                                                                                                                                                                                                                                                                                                                                                                                                                                                                                                                                                                                                                                                                                                                                                                                                                                                                                                                                                                                                                                                                                                                                                                                                                                                                                                                                                                                                                                                                                                                                                                                                                                                                                                                                                                                                                                                                                                                                                                                                                                                                                                                                                                                                                                                                                                                                                                                                                                                                                                                                                                                                                                                                                                                                                                                                                                                                                                                                                                                                                                                                                                                                                                                                                                                                                                                                                                                                                                                                                                                                                                                                                                                                                                                                                                                                                                                                                                                                                                                                                                                                                                                                                                                                                                                                                                                                                                                                                                                                                                                                                                                                                                                                                                                                                                                                                                                                                                                                                                                                                                                                                                                                                                                                                                                                                                                                                                                                                                                                                                                                                                                                                                                                                                                                                                                                                                                                                                                                                                                                                                                                                                                                                                                                                                                                                                                                                                                                                                                                                                                                                                                                                                                                                                                                                                                                                                                                                                                                                                                                                                                                                                                                                                                                                                                                                                                                                                                                                                                                                                                                                                                                                                                                                                                                                                                                                                                                                                                                                                                                                                                                                                                                                                                                                                                                                                                                                                                                                                                                                                                                                                                                                                                                                                                                                                                                                                                                                                                                                                                                                                                                                                                                                                                                                                                                                                                                                                                                                                                                                                                                                                                                                                                                                                                                                                                                                                                                                                                                                                                                                                                                                                                                                                                                                                                                                                                                                                                                                                                                                                                                                                                                                                                                                                                                                                                                                                                                                                                                                                                                                                                                                                                                                                                                                                                                                                                                                                                                                                                                                                                                                                                                                                                                                                                                                                                                                                                                                                                                                                                                                                                                                                                                                                                                                                                                                                                                                                                                                                                                                                                                                                                                                                                                                                                                                                                                                                                                                                                                                                                                                                                                                                                                                                                                                                                                                                                                                                                                                                                                                                                                                                                                                                                                                                                                                                                                                                                                                                                                                                                                                                                                                                                                                                                                                                                                                                                                                                                                                                                                                                                                                                                                                                                                                                                                                                                                                                                                                                                                                                                                                                                                                                                                                                                                                                                                                                                                                                                                                                                                                                                                                                                                                                                                                                                                                                                                                                                                                                                                                                                                                                                                                                                                                                                                                                                                                                                                                                                                                                                                                                                                                                                                                                                                                                                                                                                                                                                                                                                                                                                                                                                                                                                                                                                                                                                                                                                                                                                                                                                                                                                                                                                                                                                                                                                                                                                                                                                                                                                                                                                                                                                                                                                                                                                                                                                                                                                                                                                                                                                                                                                                                                                                                                                                                                                                                                                                                                                                                                                                                                                                                                                                                                                                                                                                                                                                                                                                                                                                                                                                                                                                                                                                                                                                                                                                                                                                                                                                                                                                                                                                                                                                                                                                                                                                                                                                                                                                                                                                                                                                                                                                                                                                                                                                                                                                                                                                                                                                                                                                                                                                                                                                                                                                                                                                                                                                                                                                                                                                                                                                                                                                                                                                                                                                                                                                                                                                                                                                                                                                                                                                                                                                                                                                                                                                                                                                                                                                                                                                                                                                                                                                                                                                                                                                                                                                                                                                                                                                                                                                                                                                                                                                                                                                                                                                                                                                                                                                                                                                                                                                                                                                                                                                                                                                                                                                                                                                                                                                                                                                                                                                                                                                                                                                                                                                                                                                                                                                                                                                                                                                                                                                                                                                                                                                                                                                                                                                                                                                                                                                                                                                                                                                                                                                                                                                                                                                                                                                                                                                                                                                                                                                                                                                                                                                                                                                                                                                                                                                                                                                                                                                                                                                                                                                                                                                                                                                                                                                                                                                                                                                                                                                                                                                                                                                                                                                                                                                                                                                                                                                                                                                                                                                                                                                                                                                                                                                                                                                                                                                                                                                                                                                                                                                                                                                                                                                                                                                                                                                                                                                                                                                                                                                                                                                                                                                                                                                                                                                                                                                                                                                                                                                                                                                                                                                                                                                                                                                                                                                                                                                                                                                                                                                                                                                                                                                                                                                                                                                                                                                                                                                                                                                                                                                                                                                                                                                                                                                                                                                                                                                                                                                                                                                                                                                                                                                                                                                                                                                                                                                                                                                                                                                                                                                                                                                                                                                                                                                                                                                                                                                                                                                                                                                                                                                                                                                                                                                                                                                                                                                                                                                                                                                                                                                                                                                                                                                                                                                                                                                                                                                                                                                                                                                                                                                                                                                                                                                                                                                                                                                                                                                                                                                                                                                                                                                                                                                                                                                                                                                                                                                                                                                                                                                                                                                                                                                                                                                                                                                                                                                                                                                                                                                                                                                                                                                                                                                                                                                                                                                                                                                                                                                                                                                                                                                                                                                                                                                                                                                                                                                                                                                                                                                                                                                                                                                                                                                                                                                                                                                                                                                                                                                                                                                                                                                                                                                                                                                                                                                                                                                                                                                                                                                                                                                                                                                                                                                                                                                                                                                                                                                                                                                                                                                                                                                                                                                                                                                                                                                                                                                                                                                                                                                                                                                                                                                                                                                                                                                                                                                                                                                                                                                                                                                                                                                                                                                                                                                                                                                                                                                                                                                                                                                                                                                                                                                                                                                                                                                                                                                                                                                                                                                                                                                                                                                                                                                                                                                                                                                                                                                                                                                                                                                                                                                                                                                                                                                                                                                                                                                                                                                                                                                                                                                                                                                                                                                                                                                                                                                                                                                                                                                                                                                                                                                                                                                                                                                                                                                                                                                                                                                                                                                                                                                                                                                                                                                                                                                                                                                                                                                                                                                                                                                                                                                                                                                                                                                                                                                                                                                                                                                                                                                                                                                                                                                                                                                                                                                                                                                                                                                                                                                                                                                                                                                                                                                                                                                                                                                                                                                                                                                                                                                                                                                                                                                                                                                                                                                                                                                                                                                                                                                                                                                                                                                                                                                                                                                                                                                                                                                                                                                                                                                                                                                                                                                                                                                                                                                                                                                                                                                                                                                                                                                                                                                                                                                                                                                                                                                                                                                                                                                                                                                                                                                                                                                                                                                                                                                                                                                                                                                                                                                                                                                                                                                                                                                                                                                                                                                                                                                                                                                                                                                                                                                                                                                                                                                                                                                                                                                                                                                                                                                                                                                                                                                                                                                                                                                                                                                                                                                                                                                                                                                                                                                                                                                                                                                                                                                                                                                                                                                                                                                                                                                                                                                                                                                                                                                                                                                                                                                                                                                                                                                                                                                                                                                                                                                                                                                                                                                                                                                                                                                                                                                                                                                                                                                                                                                                                                                                                                                                                                                                                                                                                                                                                                                                                                                                                                                                                                                                                                                                                                                                                                                                                                                                                                                                                                                                                                                                                                                                                                                                                                                                                                                                                                                                                                                                                                                                                                                                                                                                                                                                                                                                                                                                                                                                                                                                                                                                                                                                                                                                                                                                                                                                                                                                                                                                                                                                                                                                                                                                                                                                                                                                                                                                                                                                                                                                                                                                                                                                                                                                                                                                                                                                                                                                                                                                                                                                                                                                                                                                                                                                                                                                                                                                                                                                                                                                                                                                                                                                                                                                                                                                                                                                                                                                                                                                                                                                                                                                                                                                                                                                                                                                                                                                                                                                                                                                                                                                                                                                                                                                                                                                                                                                                                                                                                                                                                                                                                                                                                                                                                                                                                                                                                                                                                                                                                                                                                                                                                                                                                                                                                                                                                                                                                                                                                                                                                                                                                                                                                                                                                                                                                                                                                                                                                                                                                                                                                                                                                                                                                                                                                                                                                                                                                                                                                                                                                                                                                                                                                                                                                                                                                                                                                                                                                                                                                                                                                                                                                                                                                                                                                                                                                                                                                                                                                                                                                                                                                                                                                                                                                                                                                                                                                                                                                                                                                                                                                                                                                                                                                                                                                                                                                                                                                                                                                                                                                                                                                                                                                                                                                                                                                                                                                                                                                                                                                                                                                                                                                                                                                                                                                                                                                                                                                                                                                                                                                                                                                                                                                                                                                                                                                                                                                                                                                                                                                                                                                                                                                                                                                                                                                                                                                                                                                                                                                                                                                                                                                                                                                                                                                                                                                                                                                                                                                                                                                                                                                                                                                                                                                                                                                                                                                                                                                                                                                                                                                                                                                                                                                                                                                                                                                                                                                                                                                                                                                                                                                                                                                                                                                                                                                                                                                                                                                                                                                                                                                                                                                                                                                                                                                                                                                                                                                                                                                                                                                                                                                                                                                                                                                                                                                                                                                                                                                                                                                                                                                                                                                                                                                                                                                                                                                                                                                                                                                                                                                                                                                                                                                                                                                                                                                                                                                                                                                                                                                                                                                                                                                                                                                                                                                                                                                                                                                                                                                                                                                                                                                                                                                                                                                                                                                                                                                                                                                                                                                                                                                                                                                                                                                                                                                                                                                                                                                                                                                                                                                                                                                                                                                                                                                                                                                                                                                                                                                                                                                                                                                                                                                                                                                                                                                                                                                                                                                                                                                                                                                                                                                                                                                                                                                                                                                                                                                                                                                                                                                                                                                                                                                                                                                                                                                                                                                                                                                                                                                                                                                                                                                                                                                                                                                                                                                                                                                                                                                                                                                                                                                                                                                                                                                                                                                                                                                                                                                                                                                                                                                                                                                                                                                                                                                                                                                                                                                                                                                                                                                                                                                                                                                                                                                                                                                                                                                                                                                                                                                                                                                                                                                                                                                                                                                                                                                                                                                                                                                                                                                                                                                                                                                                                                                                                                                                                                                                                                                                                                                                                                                                                                                                                                                                                                                                                                                                                                                                                                                                                                                                                                                                                                                                                                                                                                                                                                                                                                                                                                                                                                                                                                                                                                                                                                                                                                                                                                                                                                                                                                                                                                                                                                                                                                                                                                                                                                                                                                                                                                                                                                                                                                                                                                                                                                                                                                                                                                                                                                                                                                                                                                                                                                                                                                                                                                                                                                                                                                                                                                                                                                                                                                                                                                                                                                                                                                                                                                                                                                                                                                                                                                                                                                                                                                                                                                                                                                                                                                                                                                                                                                                                                                                                                                                                                                                                                                                                                                                                                                                                                                                                                                                                                                                                                                                                                                                                                                                                                                                                                                                                                                                                                                                                                                                                                                                                                                                                                                                                                                                                                                                                                                                                                                                                                                                                                                                                                                                                                                                                                                                                                                                                                                                                                                                                                                                                                                                                                                                                                                                                                                                                                                                                                                                                                                                                                                                                                                                                                                                                                                                                                                                                                                                                                                                                                                                                                                                                                                                                                                                                                                                                                                                                                                                                                                                                                                                                                                                                                                                                                                                                                                                                                                                                                                                                                                                                                                                                                                                                                                                                                                                                                                                                                                                                                                                                                                                                                                                                                                                                                                                                                                                                                                                                                                                                                                                                                                                                                                                                                                                                                                                                                                                                                                                                                                                                                                                                                                                                                                                                                                                                                                                                                                                                                                                                                                                                                                                                                                                                                                                                                                                                                                                                                                                                                                                                                                                                                                                                                                                                                                                                                                                                                                                                                                                                                                                                                                                                                                                                                                                                                                                                                                                                                                                                                                                                                                                                                                                                                                                                                                                                                                                                                                                                                                                                                                                                                                                                                                                                                                                                                                                                                                                                                                                                                                                                                                                                                                                                                                                                                                                                                                                                                                                                                                                                                                                                                                                                                                                                                                                                                                                                                                                                                                                                                                                                                                                                                                                                                                                                                                                                                                                                                                                                                                                                                                                                                                                                                                                                                                                                                                                                                                                                                                                                                                                                                                                                                                                                                                                                                                                                                                                                                                                                                                                                                                                                                                                                                                                                                                                                                                                                                                                                                                                                                                                                                                                                                                                                                                                                                                                                                                                                                                                                                                                                                                                                                                                                                                                                                                                                                                                                                                                                                                                                                                                                                                                                                                                                                                                                                                                                                                                                                                                                                                                                                                                                                                                                                                                                                                                                                                                                                                                                                                                                                                                                                                                                                                                                                                                                                                                                                                                                                                                                                                                                                                                                                                                                                                                                                                                                                                                                                                                                                                                                                                                                                                                                                                                                                                                                                                                                                                                                                                                                                                                                                                                                                                                                                                                                                                                                                                                                                                                                                                                                                                                                                                                                                                                                                                                                                                                                                                                                                                                                                                                                                                                                                                                                                                                                                                                                                                                                                                                                                                                                                                                                                                                                                                                                                                                                                                                                                                                                                                                                                                                                                                                                                                                                                                                                                                                                                                                                                                                                                                                                                                                                                                                                                                                                                                                                                                                                                                                                                                                                                                                                                                                                                                                                                                                                                                                                                                                                                                                                                                                                                                                                                                                                                                                                                                                                                                                                                                                                                                                                                                                                                                                                                                                                                                                                                                                                                                                                                                                                                                                                                                                                                                                                                                                                                                                                                                                                                                                                                                                                                                                                                                                                                                                                                                                                                                                                                                                                                                                                                                                                                                                                                                                                                                                                                                                                                                                                                                                                                                                                                                                                                                                                                                                                                                                                                                                                                                                                                                                                                                                                                                                                                                                                                                                                                                                                                                                                                                                                                                                                                                                                                                                                                                                                                                                                                                                                                                                                                                                                                                                                                                                                                                                                                                                                                                                                                                                                                                                                                                                                                                                                                                                                                                                                                                                                                                                                                                                                                                                                                                                                                                                                                                                                                                                                                                                                                                                                                                                                                                                                                                                                                                                                                                                                                                                                                                                                                                                                                                                                                                                                                                                                                                                                                                                                                                                                                                                                                                                                                                                                                                                                                                                                                                                                                                                                                                                                                                                                                                                                                                                                                                                                                                                                                                                                                                                                                      
🔄 Starting a fresh chat session to prevent context drift and browser lag...
⚠️ Failed to open fresh chat: Page.goto: Target page, context or browser has been closed

[590/1170] Generating answer for: 1411.6836_Q05
  Q: What conclusion do the authors draw about domain transfer when comparing FV-CNN and FC-CNN?...
❌ Input element not found. Retrying in 5 seconds...
❌ Skip: Could not find input text area.
🔄 Starting a fresh chat session to prevent context drift and browser lag...
⚠️ Failed to open fresh chat: Page.goto: Target page, context or browser has been closed

[591/1170] Generating answer for: 1411.6836_Q09
  Q: What trend is observed in Figure 4 regarding convolutional layers used as filter banks?...
❌ Input element not found. Retrying in 5 seconds...
❌ Skip: Could not find input text area.
🔄 Starting a fresh chat session to prevent context drift and browser lag...
⚠️ Failed to open fresh chat: Page.goto: Target page, context or browser has been closed

[592/1170] Generating answer for: 1411.6836_Q13
  Q: According to Table 2, what segmentation accuracy does FV-CNN achieve on the MSRC dataset with the VG...
❌ Input element not found. Retrying in 5 seconds...
❌ Skip: Could not find input text area.
🔄 Starting a fresh chat session to prevent context drift and browser lag...
⚠️ Failed to open fresh chat: Page.goto: Target page, context or browser has been closed

[593/1170] Generating answer for: 1411.7610_Q02
  Q: Why do the authors introduce latent variables into recurrent neural networks instead of relying sole...
❌ Input element not found. Retrying in 5 seconds...
❌ Skip: Could not find input text area.
🔄 Starting a fresh chat session to prevent context drift and browser lag...
⚠️ Failed to open fresh chat: Page.goto: Target page, context or browser has been closed

[594/1170] Generating answer for: 1411.7610_Q06
  Q: According to Figure 2, what are the roles of the recognition and generating networks during STORN tr...
❌ Input element not found. Retrying in 5 seconds...
❌ Skip: Could not find input text area.
🔄 Starting a fresh chat session to prevent context drift and browser lag...
⚠️ Failed to open fresh chat: Page.goto: Target page, context or browser has been closed

[595/1170] Generating answer for: 1411.7610_Q10
  Q: Compared with FD-RNN, how does STORN perform across the four polyphonic music datasets reported in T...
❌ Input element not found. Retrying in 5 seconds...
❌ Skip: Could not find input text area.
🔄 Starting a fresh chat session to prevent context drift and browser lag...
⚠️ Failed to open fresh chat: Page.goto: Target page, context or browser has been closed

[596/1170] Generating answer for: 1411.7610_Q14
  Q: How does Equation (5) express the sequence likelihood in the STORN generative model?...
❌ Input element not found. Retrying in 5 seconds...
❌ Skip: Could not find input text area.
🔄 Starting a fresh chat session to prevent context drift and browser lag...
⚠️ Failed to open fresh chat: Page.goto: Target page, context or browser has been closed

[597/1170] Generating answer for: 1412.1632_Q03
  Q: Why do the authors augment the distributed sentence models with simple word matching features?...
❌ Input element not found. Retrying in 5 seconds...
❌ Skip: Could not find input text area.
🔄 Starting a fresh chat session to prevent context drift and browser lag...
⚠️ Failed to open fresh chat: Page.goto: Target page, context or browser has been closed

[598/1170] Generating answer for: 1412.1632_Q07
  Q: What architectural property of the CNN shown in Figure 1 enables the model to encode word-order info...
❌ Input element not found. Retrying in 5 seconds...
❌ Skip: Could not find input text area.
🔄 Starting a fresh chat session to prevent context drift and browser lag...
⚠️ Failed to open fresh chat: Page.goto: Target page, context or browser has been closed

[599/1170] Generating answer for: 1412.1632_Q11
  Q: Using Table 3, compare the best proposed model with the best previously published model in terms of ...
❌ Input element not found. Retrying in 5 seconds...
❌ Skip: Could not find input text area.
🔄 Starting a fresh chat session to prevent context drift and browser lag...
⚠️ Failed to open fresh chat: Page.goto: Target page, context or browser has been closed

[600/1170] Generating answer for: 1412.1632_Q15
  Q: How does Equation (5) construct the sentence representation in the CNN-based bigram model?...
❌ Input element not found. Retrying in 5 seconds...
❌ Skip: Could not find input text area.
🔄 Starting a fresh chat session to prevent context drift and browser lag...
⚠️ Failed to open fresh chat: Page.goto: Target page, context or browser has been closed

[601/1170] Generating answer for: 1412.4446_Q04
  Q: Why do the authors argue that DANN and marginalized stacked denoising autoencoders (mSDA) are comple...
❌ Input element not found. Retrying in 5 seconds...
❌ Skip: Could not find input text area.
🔄 Starting a fresh chat session to prevent context drift and browser lag...
⚠️ Failed to open fresh chat: Page.goto: Target page, context or browser has been closed

[602/1170] Generating answer for: 1412.4446_Q08
  Q: What overall trend is illustrated by Figure 3 regarding Proxy A-distance (PAD) after applying DANN?...
❌ Input element not found. Retrying in 5 seconds...
❌ Skip: Could not find input text area.
🔄 Starting a fresh chat session to prevent context drift and browser lag...
⚠️ Failed to open fresh chat: Page.goto: Target page, context or browser has been closed

[603/1170] Generating answer for: 1412.4446_Q12
  Q: According to Equation (1), what quantity is empirically estimated by minimizing a classifier's abili...
❌ Input element not found. Retrying in 5 seconds...
❌ Skip: Could not find input text area.
🔄 Starting a fresh chat session to prevent context drift and browser lag...
⚠️ Failed to open fresh chat: Page.goto: Target page, context or browser has been closed

[604/1170] Generating answer for: 1412.5896_Q01
  Q: What are the main theoretical properties of deep neural networks with random weights established in ...
❌ Input element not found. Retrying in 5 seconds...
❌ Skip: Could not find input text area.
🔄 Starting a fresh chat session to prevent context drift and browser lag...
⚠️ Failed to open fresh chat: Page.goto: Target page, context or browser has been closed

[605/1170] Generating answer for: 1412.5896_Q05
  Q: Why do the authors analyze covering numbers instead of directly bounding the Gaussian mean width acr...
❌ Input element not found. Retrying in 5 seconds...
❌ Skip: Could not find input text area.
🔄 Starting a fresh chat session to prevent context drift and browser lag...
⚠️ Failed to open fresh chat: Page.goto: Target page, context or browser has been closed

[606/1170] Generating answer for: 1412.5896_Q09
  Q: What quantity is defined by Equation (1), and what role does it play in the analysis?...
❌ Input element not found. Retrying in 5 seconds...
❌ Skip: Could not find input text area.
🔄 Starting a fresh chat session to prevent context drift and browser lag...
⚠️ Failed to open fresh chat: Page.goto: Target page, context or browser has been closed

[607/1170] Generating answer for: 1412.5896_Q13
  Q: Using Equation (2), what requirement is imposed on the output dimension m for stable distance preser...
❌ Input element not found. Retrying in 5 seconds...
❌ Skip: Could not find input text area.
🔄 Starting a fresh chat session to prevent context drift and browser lag...
⚠️ Failed to open fresh chat: Page.goto: Target page, context or browser has been closed

[608/1170] Generating answer for: 1412.6181_Q02
  Q: Why do the authors choose neural networks instead of low-degree linear models for encrypted predicti...
❌ Input element not found. Retrying in 5 seconds...
❌ Skip: Could not find input text area.
🔄 Starting a fresh chat session to prevent context drift and browser lag...
⚠️ Failed to open fresh chat: Page.goto: Target page, context or browser has been closed

[609/1170] Generating answer for: 1412.6181_Q06
  Q: How can model compression improve the practicality of Crypto-Nets?...
❌ Input element not found. Retrying in 5 seconds...
❌ Skip: Could not find input text area.
🔄 Starting a fresh chat session to prevent context drift and browser lag...
⚠️ Failed to open fresh chat: Page.goto: Target page, context or browser has been closed

[610/1170] Generating answer for: 1412.6181_Q10
  Q: What information does Figure 1 indicate remains hidden from the cloud throughout the prediction proc...
❌ Input element not found. Retrying in 5 seconds...
❌ Skip: Could not find input text area.
🔄 Starting a fresh chat session to prevent context drift and browser lag...
⚠️ Failed to open fresh chat: Page.goto: Target page, context or browser has been closed

[611/1170] Generating answer for: 1412.6181_Q14
  Q: What architectural separation between participants is depicted in Figure 1?...
❌ Input element not found. Retrying in 5 seconds...
❌ Skip: Could not find input text area.
🔄 Starting a fresh chat session to prevent context drift and browser lag...
⚠️ Failed to open fresh chat: Page.goto: Target page, context or browser has been closed

[612/1170] Generating answer for: 1412.6547_Q03
  Q: Why is Rembrandt computationally efficient even when the number of classes is extremely large?...
❌ Input element not found. Retrying in 5 seconds...
❌ Skip: Could not find input text area.
🔄 Starting a fresh chat session to prevent context drift and browser lag...
⚠️ Failed to open fresh chat: Page.goto: Target page, context or browser has been closed

[613/1170] Generating answer for: 1412.6547_Q07
  Q: Based on Table 2, which method achieves the lowest test error on the ALOI dataset?...
❌ Input element not found. Retrying in 5 seconds...
❌ Skip: Could not find input text area.
🔄 Starting a fresh chat session to prevent context drift and browser lag...
⚠️ Failed to open fresh chat: Page.goto: Target page, context or browser has been closed

[614/1170] Generating answer for: 1412.6547_Q11
  Q: What optimization problem is defined by Equation (1)?...
❌ Input element not found. Retrying in 5 seconds...
❌ Skip: Could not find input text area.
🔄 Starting a fresh chat session to prevent context drift and browser lag...
⚠️ Failed to open fresh chat: Page.goto: Target page, context or browser has been closed

[615/1170] Generating answer for: 1412.6547_Q15
  Q: According to Equation (1), what role does the rank constraint play in the estimation problem?...
❌ Input element not found. Retrying in 5 seconds...
❌ Skip: Could not find input text area.
🔄 Starting a fresh chat session to prevent context drift and browser lag...
⚠️ Failed to open fresh chat: Page.goto: Target page, context or browser has been closed

[616/1170] Generating answer for: 1412.6583_Q04
  Q: What key capability of the proposed autoencoder is emphasized in the conclusion regarding observed v...
❌ Input element not found. Retrying in 5 seconds...
❌ Skip: Could not find input text area.
🔄 Starting a fresh chat session to prevent context drift and browser lag...
⚠️ Failed to open fresh chat: Page.goto: Target page, context or browser has been closed

[617/1170] Generating answer for: 1412.6583_Q08
  Q: What phenomenon is illustrated in Figure 6 when the expression variables are extrapolated beyond the...
❌ Input element not found. Retrying in 5 seconds...
❌ Skip: Could not find input text area.
🔄 Starting a fresh chat session to prevent context drift and browser lag...
⚠️ Failed to open fresh chat: Page.goto: Target page, context or browser has been closed

[618/1170] Generating answer for: 1412.6583_Q12
  Q: According to Equation (3), what are the three components of the overall training objective, and how ...
❌ Input element not found. Retrying in 5 seconds...
❌ Skip: Could not find input text area.
🔄 Starting a fresh chat session to prevent context drift and browser lag...
⚠️ Failed to open fresh chat: Page.goto: Target page, context or browser has been closed

[619/1170] Generating answer for: 1412.6597_Q01
  Q: According to the introduction, under what condition does unsupervised pre-training help performance,...
❌ Input element not found. Retrying in 5 seconds...
❌ Skip: Could not find input text area.
🔄 Starting a fresh chat session to prevent context drift and browser lag...
⚠️ Failed to open fresh chat: Page.goto: Target page, context or browser has been closed

[620/1170] Generating answer for: 1412.6597_Q05
  Q: What kinds of visual patterns are shown in Figure 1 to have been learned by the zero-bias convolutio...
❌ Input element not found. Retrying in 5 seconds...
❌ Skip: Could not find input text area.
🔄 Starting a fresh chat session to prevent context drift and browser lag...
⚠️ Failed to open fresh chat: Page.goto: Target page, context or browser has been closed

[621/1170] Generating answer for: 1412.6597_Q09
  Q: According to Table 1, what classification accuracy does the zero-bias CAE achieve when the unsupervi...
❌ Input element not found. Retrying in 5 seconds...
❌ Skip: Could not find input text area.
🔄 Starting a fresh chat session to prevent context drift and browser lag...
⚠️ Failed to open fresh chat: Page.goto: Target page, context or browser has been closed

[622/1170] Generating answer for: 1412.6597_Q13
  Q: How is a two-layer convolutional auto-encoder reconstruction expressed in Equation (5)?...
❌ Input element not found. Retrying in 5 seconds...
❌ Skip: Could not find input text area.
🔄 Starting a fresh chat session to prevent context drift and browser lag...
⚠️ Failed to open fresh chat: Page.goto: Target page, context or browser has been closed

[623/1170] Generating answer for: 1412.6806_Q02
  Q: What are the three possible explanations discussed by the authors for why pooling may improve CNN pe...
❌ Input element not found. Retrying in 5 seconds...
❌ Skip: Could not find input text area.
🔄 Starting a fresh chat session to prevent context drift and browser lag...
⚠️ Failed to open fresh chat: Page.goto: Target page, context or browser has been closed

[624/1170] Generating answer for: 1412.6806_Q06
  Q: What notable observation about learned filters is illustrated in Figure 2?...
❌ Input element not found. Retrying in 5 seconds...
❌ Skip: Could not find input text area.
🔄 Starting a fresh chat session to prevent context drift and browser lag...
⚠️ Failed to open fresh chat: Page.goto: Target page, context or browser has been closed

[625/1170] Generating answer for: 1412.6806_Q10
  Q: Based on Table 4, how does ALL-CNN compare with previous methods on CIFAR-10 using standard data aug...
❌ Input element not found. Retrying in 5 seconds...
❌ Skip: Could not find input text area.
🔄 Starting a fresh chat session to prevent context drift and browser lag...
⚠️ Failed to open fresh chat: Page.goto: Target page, context or browser has been closed

[626/1170] Generating answer for: 1412.6806_Q14
  Q: Using Equations (1) and (2), explain why the authors argue that pooling can be viewed as a special c...
❌ Input element not found. Retrying in 5 seconds...
❌ Skip: Could not find input text area.
🔄 Starting a fresh chat session to prevent context drift and browser lag...
⚠️ Failed to open fresh chat: Page.goto: Target page, context or browser has been closed

[627/1170] Generating answer for: 1412.7024_Q03
  Q: What characteristics of activations, gradients, and parameters motivate the use of dynamic fixed poi...
❌ Input element not found. Retrying in 5 seconds...
❌ Skip: Could not find input text area.
🔄 Starting a fresh chat session to prevent context drift and browser lag...
⚠️ Failed to open fresh chat: Page.goto: Target page, context or browser has been closed

[628/1170] Generating answer for: 1412.7024_Q07
  Q: Based on Figure 2, what radix point position produces the best fixed-point performance across the ev...
❌ Input element not found. Retrying in 5 seconds...
❌ Skip: Could not find input text area.
🔄 Starting a fresh chat session to prevent context drift and browser lag...
⚠️ Failed to open fresh chat: Page.goto: Target page, context or browser has been closed

[629/1170] Generating answer for: 1412.7024_Q11
  Q: According to Table 1, how many Adaptive Logic Modules (ALMs) are required for a 32-bit multiplier wi...
❌ Input element not found. Retrying in 5 seconds...
❌ Skip: Could not find input text area.
🔄 Starting a fresh chat session to prevent context drift and browser lag...
⚠️ Failed to open fresh chat: Page.goto: Target page, context or browser has been closed

[630/1170] Generating answer for: 1412.7024_Q15
  Q: Using Table 4, compare the propagation and update bit-widths required by fixed point and dynamic fix...
❌ Input element not found. Retrying in 5 seconds...
❌ Skip: Could not find input text area.
🔄 Starting a fresh chat session to prevent context drift and browser lag...
⚠️ Failed to open fresh chat: Page.goto: Target page, context or browser has been closed

[631/1170] Generating answer for: 1412.7210_Q04
  Q: According to the discussion, what future research directions do the authors propose?...
❌ Input element not found. Retrying in 5 seconds...
❌ Skip: Could not find input text area.
🔄 Starting a fresh chat session to prevent context drift and browser lag...
⚠️ Failed to open fresh chat: Page.goto: Target page, context or browser has been closed

[632/1170] Generating answer for: 1412.7210_Q08
  Q: What does Figure 4 demonstrate about the role of first-layer neurons in learned pooling groups?...
❌ Input element not found. Retrying in 5 seconds...
❌ Skip: Could not find input text area.
🔄 Starting a fresh chat session to prevent context drift and browser lag...
⚠️ Failed to open fresh chat: Page.goto: Target page, context or browser has been closed

[633/1170] Generating answer for: 1412.7210_Q12
  Q: What objective function is minimized when training the denoising autoencoder, as defined by Equation...
❌ Input element not found. Retrying in 5 seconds...
❌ Skip: Could not find input text area.
🔄 Starting a fresh chat session to prevent context drift and browser lag...
⚠️ Failed to open fresh chat: Page.goto: Target page, context or browser has been closed

[634/1170] Generating answer for: 1412.7580_Q01
  Q: Why did the authors develop the fbfft implementation instead of relying solely on NVIDIA's cuFFT lib...
❌ Input element not found. Retrying in 5 seconds...
❌ Skip: Could not find input text area.
🔄 Starting a fresh chat session to prevent context drift and browser lag...
⚠️ Failed to open fresh chat: Page.goto: Target page, context or browser has been closed

[635/1170] Generating answer for: 1412.7580_Q05
  Q: What overall conclusions do the authors draw regarding FFT-based convolutions and the fbfft implemen...
❌ Input element not found. Retrying in 5 seconds...
❌ Skip: Could not find input text area.
🔄 Starting a fresh chat session to prevent context drift and browser lag...
⚠️ Failed to open fresh chat: Page.goto: Target page, context or browser has been closed

[636/1170] Generating answer for: 1412.7580_Q09
  Q: According to Figure 7, how does fbfft's 1-D FFT performance compare with cuFFT across different batc...
❌ Input element not found. Retrying in 5 seconds...
❌ Skip: Could not find input text area.
🔄 Starting a fresh chat session to prevent context drift and browser lag...
⚠️ Failed to open fresh chat: Page.goto: Target page, context or browser has been closed

[637/1170] Generating answer for: 1412.7580_Q13
  Q: Using Table 3, which implementation achieved the lowest total convolution time for AlexNet?...
❌ Input element not found. Retrying in 5 seconds...
❌ Skip: Could not find input text area.
🔄 Starting a fresh chat session to prevent context drift and browser lag...
⚠️ Failed to open fresh chat: Page.goto: Target page, context or browser has been closed

[638/1170] Generating answer for: 1412.7753_Q02
  Q: Why do the authors argue that simple recurrent networks suffer from the vanishing gradient problem?...
❌ Input element not found. Retrying in 5 seconds...
❌ Skip: Could not find input text area.
🔄 Starting a fresh chat session to prevent context drift and browser lag...
⚠️ Failed to open fresh chat: Page.goto: Target page, context or browser has been closed

[639/1170] Generating answer for: 1412.7753_Q06
  Q: How does Figure 1(b) differ from Figure 1(a) in the proposed SCRN architecture?...
❌ Input element not found. Retrying in 5 seconds...
❌ Skip: Could not find input text area.
🔄 Starting a fresh chat session to prevent context drift and browser lag...
⚠️ Failed to open fresh chat: Page.goto: Target page, context or browser has been closed

[640/1170] Generating answer for: 1412.7753_Q10
  Q: What conclusion does Table 2 support regarding adaptive versus fixed contextual self-recurrent weigh...
❌ Input element not found. Retrying in 5 seconds...
❌ Skip: Could not find input text area.
🔄 Starting a fresh chat session to prevent context drift and browser lag...
⚠️ Failed to open fresh chat: Page.goto: Target page, context or browser has been closed

[641/1170] Generating answer for: 1412.7753_Q14
  Q: What structural property of the recurrent matrix is expressed by Equation (7)?...
❌ Input element not found. Retrying in 5 seconds...
❌ Skip: Could not find input text area.
🔄 Starting a fresh chat session to prevent context drift and browser lag...
⚠️ Failed to open fresh chat: Page.goto: Target page, context or browser has been closed

[642/1170] Generating answer for: 1502.01852_Q03
  Q: What training strategy distinguishes the authors' implementation from VGG with respect to scale jitt...
❌ Input element not found. Retrying in 5 seconds...
❌ Skip: Could not find input text area.
🔄 Starting a fresh chat session to prevent context drift and browser lag...
⚠️ Failed to open fresh chat: Page.goto: Target page, context or browser has been closed

[643/1170] Generating answer for: 1502.01852_Q07
  Q: What does Figure 3 demonstrate about training a 30-layer rectifier network using the proposed initia...
❌ Input element not found. Retrying in 5 seconds...
❌ Skip: Could not find input text area.
🔄 Starting a fresh chat session to prevent context drift and browser lag...
⚠️ Failed to open fresh chat: Page.goto: Target page, context or browser has been closed

[644/1170] Generating answer for: 1502.01852_Q11
  Q: Using Table 6, compare the best single-model performance of MSRA (Model C with PReLU) against the be...
❌ Input element not found. Retrying in 5 seconds...
❌ Skip: Could not find input text area.
🔄 Starting a fresh chat session to prevent context drift and browser lag...
⚠️ Failed to open fresh chat: Page.goto: Target page, context or browser has been closed

[645/1170] Generating answer for: 1502.01852_Q15
  Q: How does Equation (15) generalize the initialization rule from ReLU to PReLU?...
❌ Input element not found. Retrying in 5 seconds...
❌ Skip: Could not find input text area.
🔄 Starting a fresh chat session to prevent context drift and browser lag...
⚠️ Failed to open fresh chat: Page.goto: Target page, context or browser has been closed

[646/1170] Generating answer for: 1502.02251_Q04
  Q: What conclusion do the authors draw regarding the scalability and learning efficiency of their propo...
❌ Input element not found. Retrying in 5 seconds...
❌ Skip: Could not find input text area.
🔄 Starting a fresh chat session to prevent context drift and browser lag...
⚠️ Failed to open fresh chat: Page.goto: Target page, context or browser has been closed

[647/1170] Generating answer for: 1502.02251_Q08
  Q: What performance comparison is illustrated in Figure 8 between the proposed DDM+MPC method and the P...
❌ Input element not found. Retrying in 5 seconds...
❌ Skip: Could not find input text area.
🔄 Starting a fresh chat session to prevent context drift and browser lag...
⚠️ Failed to open fresh chat: Page.goto: Target page, context or browser has been closed

[648/1170] Generating answer for: 1502.02251_Q12
  Q: What quantity is defined by Equation (1), and what is its purpose during model training?...
❌ Input element not found. Retrying in 5 seconds...
❌ Skip: Could not find input text area.
🔄 Starting a fresh chat session to prevent context drift and browser lag...
⚠️ Failed to open fresh chat: Page.goto: Target page, context or browser has been closed

[649/1170] Generating answer for: 1502.02367_Q01
  Q: What is the primary architectural innovation introduced by the Gated Feedback Recurrent Neural Netwo...
❌ Input element not found. Retrying in 5 seconds...
❌ Skip: Could not find input text area.
🔄 Starting a fresh chat session to prevent context drift and browser lag...
⚠️ Failed to open fresh chat: Page.goto: Target page, context or browser has been closed

[650/1170] Generating answer for: 1502.02367_Q05
  Q: According to Figure 1, what structural capability distinguishes the GF-RNN from a conventional stack...
❌ Input element not found. Retrying in 5 seconds...
❌ Skip: Could not find input text area.
🔄 Starting a fresh chat session to prevent context drift and browser lag...
⚠️ Failed to open fresh chat: Page.goto: Target page, context or browser has been closed

[651/1170] Generating answer for: 1502.02367_Q09
  Q: According to Table 1, how many hidden layers and units per layer are used by the capacity-controlled...
❌ Input element not found. Retrying in 5 seconds...
❌ Skip: Could not find input text area.
🔄 Starting a fresh chat session to prevent context drift and browser lag...
⚠️ Failed to open fresh chat: Page.goto: Target page, context or browser has been closed

[652/1170] Generating answer for: 1502.02367_Q13
  Q: According to Equation (2), how is the LSTM memory cell updated?...
❌ Input element not found. Retrying in 5 seconds...
❌ Skip: Could not find input text area.
🔄 Starting a fresh chat session to prevent context drift and browser lag...
⚠️ Failed to open fresh chat: Page.goto: Target page, context or browser has been closed

[653/1170] Generating answer for: 1502.02476_Q02
  Q: How does the ordered Restricted Boltzmann Machine (oRBM) encourage the model to use only as many hid...
❌ Input element not found. Retrying in 5 seconds...
❌ Skip: Could not find input text area.
🔄 Starting a fresh chat session to prevent context drift and browser lag...
⚠️ Failed to open fresh chat: Page.goto: Target page, context or browser has been closed

[654/1170] Generating answer for: 1502.02476_Q06
  Q: What role does the variable z play in the ordered RBM illustrated in Figure 2?...
❌ Input element not found. Retrying in 5 seconds...
❌ Skip: Could not find input text area.
🔄 Starting a fresh chat session to prevent context drift and browser lag...
⚠️ Failed to open fresh chat: Page.goto: Target page, context or browser has been closed

[655/1170] Generating answer for: 1502.02476_Q10
  Q: Using Table 1, compare the performance of the RBM with 500 hidden units and the iRBM on binarized MN...
❌ Input element not found. Retrying in 5 seconds...
❌ Skip: Could not find input text area.
🔄 Starting a fresh chat session to prevent context drift and browser lag...
⚠️ Failed to open fresh chat: Page.goto: Target page, context or browser has been closed

[656/1170] Generating answer for: 1502.02476_Q14
  Q: Why does Equation (27) guarantee that the infinite normalization term remains finite when β > 1?...
❌ Input element not found. Retrying in 5 seconds...
❌ Skip: Could not find input text area.
🔄 Starting a fresh chat session to prevent context drift and browser lag...
⚠️ Failed to open fresh chat: Page.goto: Target page, context or browser has been closed

[657/1170] Generating answer for: 1502.02478_Q03
  Q: Besides reducing training time, what four opportunities do the authors identify that the computation...
❌ Input element not found. Retrying in 5 seconds...
❌ Skip: Could not find input text area.
🔄 Starting a fresh chat session to prevent context drift and browser lag...
⚠️ Failed to open fresh chat: Page.goto: Target page, context or browser has been closed

[658/1170] Generating answer for: 1502.02478_Q07
  Q: What trend does Figure 2 show as the number of distinct dropout patterns used during training increa...
❌ Input element not found. Retrying in 5 seconds...
❌ Skip: Could not find input text area.
🔄 Starting a fresh chat session to prevent context drift and browser lag...
⚠️ Failed to open fresh chat: Page.goto: Target page, context or browser has been closed

[659/1170] Generating answer for: 1502.02478_Q11
  Q: According to Table 1, what quantities are plotted to compare computational performance across differ...
❌ Input element not found. Retrying in 5 seconds...
❌ Skip: Could not find input text area.
🔄 Starting a fresh chat session to prevent context drift and browser lag...
⚠️ Failed to open fresh chat: Page.goto: Target page, context or browser has been closed

[660/1170] Generating answer for: 1502.02478_Q15
  Q: What comparison is summarized in Table 1 accompanying the MNIST convolutional network experiment?...
❌ Input element not found. Retrying in 5 seconds...
❌ Skip: Could not find input text area.
🔄 Starting a fresh chat session to prevent context drift and browser lag...
⚠️ Failed to open fresh chat: Page.goto: Target page, context or browser has been closed

[661/1170] Generating answer for: 1502.03167_Q04
  Q: According to the authors, why does Batch Normalization permit the use of higher learning rates durin...
❌ Input element not found. Retrying in 5 seconds...
❌ Skip: Could not find input text area.
🔄 Starting a fresh chat session to prevent context drift and browser lag...
⚠️ Failed to open fresh chat: Page.goto: Target page, context or browser has been closed

[662/1170] Generating answer for: 1502.03167_Q08
  Q: What comparison is presented in Figure 3 regarding Batch-Normalized Inception variants?...
❌ Input element not found. Retrying in 5 seconds...
❌ Skip: Could not find input text area.
🔄 Starting a fresh chat session to prevent context drift and browser lag...
⚠️ Failed to open fresh chat: Page.goto: Target page, context or browser has been closed

[663/1170] Generating answer for: 1502.03167_Q12
  Q: Based on the comparison table in Figure 4, which model achieves the lowest reported top-5 validation...
❌ Input element not found. Retrying in 5 seconds...
❌ Skip: Could not find input text area.
🔄 Starting a fresh chat session to prevent context drift and browser lag...
⚠️ Failed to open fresh chat: Page.goto: Target page, context or browser has been closed

[664/1170] Generating answer for: 1502.03436_Q01
  Q: What are the three primary practical advantages claimed by the authors for replacing fully connected...
❌ Input element not found. Retrying in 5 seconds...
❌ Skip: Could not find input text area.
🔄 Starting a fresh chat session to prevent context drift and browser lag...
⚠️ Failed to open fresh chat: Page.goto: Target page, context or browser has been closed

[665/1170] Generating answer for: 1502.03436_Q05
  Q: According to Figure 1, how does reducing the amount of training data affect circulant neural network...
❌ Input element not found. Retrying in 5 seconds...
❌ Skip: Could not find input text area.
🔄 Starting a fresh chat session to prevent context drift and browser lag...
⚠️ Failed to open fresh chat: Page.goto: Target page, context or browser has been closed

[666/1170] Generating answer for: 1502.03436_Q09
  Q: According to Table 1, how do the asymptotic time and space complexities of circulant neural networks...
❌ Input element not found. Retrying in 5 seconds...
❌ Skip: Could not find input text area.
🔄 Starting a fresh chat session to prevent context drift and browser lag...
⚠️ Failed to open fresh chat: Page.goto: Target page, context or browser has been closed

[667/1170] Generating answer for: 1502.03436_Q13
  Q: How does Equation (4) modify the conventional fully connected layer to form the proposed circulant n...
❌ Input element not found. Retrying in 5 seconds...
❌ Skip: Could not find input text area.
🔄 Starting a fresh chat session to prevent context drift and browser lag...
⚠️ Failed to open fresh chat: Page.goto: Target page, context or browser has been closed

[668/1170] Generating answer for: 1502.03509_Q02
  Q: What are the two advantages of order-agnostic training discussed by the authors?...
❌ Input element not found. Retrying in 5 seconds...
❌ Skip: Could not find input text area.
🔄 Starting a fresh chat session to prevent context drift and browser lag...
⚠️ Failed to open fresh chat: Page.goto: Target page, context or browser has been closed

[669/1170] Generating answer for: 1502.03509_Q06
  Q: How does Figure 1 demonstrate that MADE satisfies the autoregressive property for a reordered input ...
❌ Input element not found. Retrying in 5 seconds...
❌ Skip: Could not find input text area.
🔄 Starting a fresh chat session to prevent context drift and browser lag...
⚠️ Failed to open fresh chat: Page.goto: Target page, context or browser has been closed

[670/1170] Generating answer for: 1502.03509_Q10
  Q: Based on Table 2, which dataset has the largest number of input dimensions, and how many training ex...
❌ Input element not found. Retrying in 5 seconds...
❌ Skip: Could not find input text area.
🔄 Starting a fresh chat session to prevent context drift and browser lag...
⚠️ Failed to open fresh chat: Page.goto: Target page, context or browser has been closed

[671/1170] Generating answer for: 1502.03509_Q14
  Q: What role does Equation (10) play in proving the autoregressive property of MADE?...
❌ Input element not found. Retrying in 5 seconds...
❌ Skip: Could not find input text area.
🔄 Starting a fresh chat session to prevent context drift and browser lag...
⚠️ Failed to open fresh chat: Page.goto: Target page, context or browser has been closed

[672/1170] Generating answer for: 1502.03520_Q03
  Q: What corpus and vocabulary are used for training the embeddings in the experiments?...
❌ Input element not found. Retrying in 5 seconds...
❌ Skip: Could not find input text area.
🔄 Starting a fresh chat session to prevent context drift and browser lag...
⚠️ Failed to open fresh chat: Page.goto: Target page, context or browser has been closed

[673/1170] Generating answer for: 1502.03520_Q07
  Q: How does Figure 1 compare the partition-function concentration behavior across different embedding m...
❌ Input element not found. Retrying in 5 seconds...
❌ Skip: Could not find input text area.
🔄 Starting a fresh chat session to prevent context drift and browser lag...
⚠️ Failed to open fresh chat: Page.goto: Target page, context or browser has been closed

[674/1170] Generating answer for: 1502.03520_Q11
  Q: According to Table 3, how does using the RD algorithm with k = 30 affect the performance of the SN e...
❌ Input element not found. Retrying in 5 seconds...
❌ Skip: Could not find input text area.
🔄 Starting a fresh chat session to prevent context drift and browser lag...
⚠️ Failed to open fresh chat: Page.goto: Target page, context or browser has been closed

[675/1170] Generating answer for: 1502.03520_Q15
  Q: What optimization objective is defined by Equation (5.1) for solving word analogies?...
❌ Input element not found. Retrying in 5 seconds...
❌ Skip: Could not find input text area.
🔄 Starting a fresh chat session to prevent context drift and browser lag...
⚠️ Failed to open fresh chat: Page.goto: Target page, context or browser has been closed

[676/1170] Generating answer for: 1502.03648_Q04
  Q: What two conclusions do the authors draw regarding learning rate and over-fitting as over-sampling i...
❌ Input element not found. Retrying in 5 seconds...
❌ Skip: Could not find input text area.
🔄 Starting a fresh chat session to prevent context drift and browser lag...
⚠️ Failed to open fresh chat: Page.goto: Target page, context or browser has been closed

[677/1170] Generating answer for: 1502.03648_Q08
  Q: What trend in filter selectivity is shown in Figure 2(b) for the 16× over-sampled model?...
❌ Input element not found. Retrying in 5 seconds...
❌ Skip: Could not find input text area.
🔄 Starting a fresh chat session to prevent context drift and browser lag...
⚠️ Failed to open fresh chat: Page.goto: Target page, context or browser has been closed

[678/1170] Generating answer for: 1502.03648_Q12
  Q: Why do the authors compute the metric defined in Equation (1) for every neuron?...
❌ Input element not found. Retrying in 5 seconds...
❌ Skip: Could not find input text area.
🔄 Starting a fresh chat session to prevent context drift and browser lag...
⚠️ Failed to open fresh chat: Page.goto: Target page, context or browser has been closed

[679/1170] Generating answer for: 1502.04434_Q01
  Q: What are the two variants of Invariant Backpropagation proposed in the paper, and how do their invar...
❌ Input element not found. Retrying in 5 seconds...
❌ Skip: Could not find input text area.
🔄 Starting a fresh chat session to prevent context drift and browser lag...
⚠️ Failed to open fresh chat: Page.goto: Target page, context or browser has been closed

[680/1170] Generating answer for: 1502.04434_Q05
  Q: According to Figure 1, what are the three passes involved in the Loss IBP algorithm, and which addit...
❌ Input element not found. Retrying in 5 seconds...
❌ Skip: Could not find input text area.
🔄 Starting a fresh chat session to prevent context drift and browser lag...
⚠️ Failed to open fresh chat: Page.goto: Target page, context or browser has been closed

[681/1170] Generating answer for: 1502.04434_Q09
  Q: According to Table 1, which algorithm achieves the lowest mean classification error on the MNIST dat...
❌ Input element not found. Retrying in 5 seconds...
❌ Skip: Could not find input text area.
🔄 Starting a fresh chat session to prevent context drift and browser lag...
⚠️ Failed to open fresh chat: Page.goto: Target page, context or browser has been closed

[682/1170] Generating answer for: 1502.04434_Q13
  Q: According to Equation (9), in which direction does Prediction IBP enforce prediction invariance?...
❌ Input element not found. Retrying in 5 seconds...
❌ Skip: Could not find input text area.
🔄 Starting a fresh chat session to prevent context drift and browser lag...
⚠️ Failed to open fresh chat: Page.goto: Target page, context or browser has been closed

[683/1170] Generating answer for: 1503.00075_Q02
  Q: Why do Tree-LSTM units maintain a separate forget gate for each child node?...
❌ Input element not found. Retrying in 5 seconds...
❌ Skip: Could not find input text area.
🔄 Starting a fresh chat session to prevent context drift and browser lag...
⚠️ Failed to open fresh chat: Page.goto: Target page, context or browser has been closed

[684/1170] Generating answer for: 1503.00075_Q06
  Q: According to Figure 2, which components are combined to compute the memory cell and hidden state of ...
❌ Input element not found. Retrying in 5 seconds...
❌ Skip: Could not find input text area.
🔄 Starting a fresh chat session to prevent context drift and browser lag...
⚠️ Failed to open fresh chat: Page.goto: Target page, context or browser has been closed

[685/1170] Generating answer for: 1503.00075_Q10
  Q: Based on Table 2, how does the best-performing Constituency Tree-LSTM compare with the Bidirectional...
❌ Input element not found. Retrying in 5 seconds...
❌ Skip: Could not find input text area.
🔄 Starting a fresh chat session to prevent context drift and browser lag...
⚠️ Failed to open fresh chat: Page.goto: Target page, context or browser has been closed

[686/1170] Generating answer for: 1503.00075_Q14
  Q: How does Equation (10) differ from the Child-Sum Tree-LSTM forget-gate formulation?...
❌ Input element not found. Retrying in 5 seconds...
❌ Skip: Could not find input text area.
🔄 Starting a fresh chat session to prevent context drift and browser lag...
⚠️ Failed to open fresh chat: Page.goto: Target page, context or browser has been closed

[687/1170] Generating answer for: 1503.01007_Q03
  Q: What optimization strategy did the authors use when stochastic gradient descent alone was insufficie...
❌ Input element not found. Retrying in 5 seconds...
❌ Skip: Could not find input text area.
🔄 Starting a fresh chat session to prevent context drift and browser lag...
⚠️ Failed to open fresh chat: Page.goto: Target page, context or browser has been closed

[688/1170] Generating answer for: 1503.01007_Q07
  Q: What behavior of the learned memory controller is illustrated in Figure 3 during binary addition?...
❌ Input element not found. Retrying in 5 seconds...
❌ Skip: Could not find input text area.
🔄 Starting a fresh chat session to prevent context drift and browser lag...
⚠️ Failed to open fresh chat: Page.goto: Target page, context or browser has been closed

[689/1170] Generating answer for: 1503.01007_Q11
  Q: According to Table 4, how does Stack RNN compare with LSTM on the Penn Treebank language modeling be...
❌ Input element not found. Retrying in 5 seconds...
❌ Skip: Could not find input text area.
🔄 Starting a fresh chat session to prevent context drift and browser lag...
⚠️ Failed to open fresh chat: Page.goto: Target page, context or browser has been closed

[690/1170] Generating answer for: 1503.01007_Q15
  Q: How does Equation (6) incorporate external memory into the hidden-state update of the Stack RNN?...
❌ Input element not found. Retrying in 5 seconds...
❌ Skip: Could not find input text area.
🔄 Starting a fresh chat session to prevent context drift and browser lag...
⚠️ Failed to open fresh chat: Page.goto: Target page, context or browser has been closed

[691/1170] Generating answer for: 1503.02531_Q04
  Q: How are specialist models initialized and trained to reduce overfitting on their specialized classes...
❌ Input element not found. Retrying in 5 seconds...
❌ Skip: Could not find input text area.
🔄 Starting a fresh chat session to prevent context drift and browser lag...
⚠️ Failed to open fresh chat: Page.goto: Target page, context or browser has been closed

[692/1170] Generating answer for: 1503.02531_Q08
  Q: What improvement does adding 61 specialist models provide over the baseline according to Table 3?...
❌ Input element not found. Retrying in 5 seconds...
❌ Skip: Could not find input text area.
🔄 Starting a fresh chat session to prevent context drift and browser lag...
⚠️ Failed to open fresh chat: Page.goto: Target page, context or browser has been closed

[693/1170] Generating answer for: 1503.02531_Q12
  Q: What quantity is computed by Equation (2) during the distillation process?...
❌ Input element not found. Retrying in 5 seconds...
❌ Skip: Could not find input text area.
🔄 Starting a fresh chat session to prevent context drift and browser lag...
⚠️ Failed to open fresh chat: Page.goto: Target page, context or browser has been closed

[694/1170] Generating answer for: 1503.07077_Q01
  Q: Why do the authors argue that automated galaxy morphology classification has become both feasible an...
❌ Input element not found. Retrying in 5 seconds...
❌ Skip: Could not find input text area.
🔄 Starting a fresh chat session to prevent context drift and browser lag...
⚠️ Failed to open fresh chat: Page.goto: Target page, context or browser has been closed

[695/1170] Generating answer for: 1503.07077_Q05
  Q: According to Figure 4, what are the major processing stages in the proposed rotation-invariant neura...
❌ Input element not found. Retrying in 5 seconds...
❌ Skip: Could not find input text area.
🔄 Starting a fresh chat session to prevent context drift and browser lag...
⚠️ Failed to open fresh chat: Page.goto: Target page, context or browser has been closed

[696/1170] Generating answer for: 1503.07077_Q09
  Q: According to Table 1, which Galaxy Zoo question is presented for every galaxy image, and what are it...
❌ Input element not found. Retrying in 5 seconds...
❌ Skip: Could not find input text area.
🔄 Starting a fresh chat session to prevent context drift and browser lag...
⚠️ Failed to open fresh chat: Page.goto: Target page, context or browser has been closed

[697/1170] Generating answer for: 1503.07077_Q13
  Q: What operation does Equation (5) perform in a convolutional neural network layer, and how does it di...
❌ Input element not found. Retrying in 5 seconds...
❌ Skip: Could not find input text area.
🔄 Starting a fresh chat session to prevent context drift and browser lag...
⚠️ Failed to open fresh chat: Page.goto: Target page, context or browser has been closed

[698/1170] Generating answer for: 1504.00548_Q02
  Q: What are the three advantages of using pre-trained input word embeddings instead of learning them on...
❌ Input element not found. Retrying in 5 seconds...
❌ Skip: Could not find input text area.
🔄 Starting a fresh chat session to prevent context drift and browser lag...
⚠️ Failed to open fresh chat: Page.goto: Target page, context or browser has been closed

[699/1170] Generating answer for: 1504.00548_Q06
  Q: According to Table 1, which model achieved the best median rank on the reverse dictionary concept de...
❌ Input element not found. Retrying in 5 seconds...
❌ Skip: Could not find input text area.
🔄 Starting a fresh chat session to prevent context drift and browser lag...
⚠️ Failed to open fresh chat: Page.goto: Target page, context or browser has been closed

[700/1170] Generating answer for: 1504.00548_Q10
  Q: Using Table 6, which neural language model achieved the best average rank on the long crossword ques...
❌ Input element not found. Retrying in 5 seconds...
❌ Skip: Could not find input text area.
🔄 Starting a fresh chat session to prevent context drift and browser lag...
⚠️ Failed to open fresh chat: Page.goto: Target page, context or browser has been closed

[701/1170] Generating answer for: 1504.00548_Q14
  Q: How is the bag-of-words neural language model formulated as a special case of the recurrent neural n...
❌ Input element not found. Retrying in 5 seconds...
❌ Skip: Could not find input text area.
🔄 Starting a fresh chat session to prevent context drift and browser lag...
⚠️ Failed to open fresh chat: Page.goto: Target page, context or browser has been closed

[702/1170] Generating answer for: 1504.02462_Q03
  Q: How does the paper reinterpret an autoencoder after it has been successfully trained?...
❌ Input element not found. Retrying in 5 seconds...
❌ Skip: Could not find input text area.
🔄 Starting a fresh chat session to prevent context drift and browser lag...
⚠️ Failed to open fresh chat: Page.goto: Target page, context or browser has been closed

[703/1170] Generating answer for: 1504.02462_Q07
  Q: How does the proposed intuition extend from a single layer to multiple layers in a deep network?...
❌ Input element not found. Retrying in 5 seconds...
❌ Skip: Could not find input text area.
🔄 Starting a fresh chat session to prevent context drift and browser lag...
⚠️ Failed to open fresh chat: Page.goto: Target page, context or browser has been closed

[704/1170] Generating answer for: 1504.02462_Q11
  Q: What alternative feature decompositions are illustrated in Figure 1(c)?...
❌ Input element not found. Retrying in 5 seconds...
❌ Skip: Could not find input text area.
🔄 Starting a fresh chat session to prevent context drift and browser lag...
⚠️ Failed to open fresh chat: Page.goto: Target page, context or browser has been closed

[705/1170] Generating answer for: 1504.02462_Q15
  Q: How do the three subfigures of Figure 1 collectively illustrate the paper's proposed explanation for...
❌ Input element not found. Retrying in 5 seconds...
❌ Skip: Could not find input text area.
🔄 Starting a fresh chat session to prevent context drift and browser lag...
⚠️ Failed to open fresh chat: Page.goto: Target page, context or browser has been closed

[706/1170] Generating answer for: 1504.02518_Q04
  Q: Why do the authors reconstruct the input from the hidden representation h instead of the pooled repr...
❌ Input element not found. Retrying in 5 seconds...
❌ Skip: Could not find input text area.
🔄 Starting a fresh chat session to prevent context drift and browser lag...
⚠️ Failed to open fresh chat: Page.goto: Target page, context or browser has been closed

[707/1170] Generating answer for: 1504.02518_Q08
  Q: How does Figure 2 illustrate the relationship between the two branches of the Siamese network during...
❌ Input element not found. Retrying in 5 seconds...
❌ Skip: Could not find input text area.
🔄 Starting a fresh chat session to prevent context drift and browser lag...
⚠️ Failed to open fresh chat: Page.goto: Target page, context or browser has been closed

[708/1170] Generating answer for: 1504.02518_Q12
  Q: According to Equation (1), how is the loss defined for temporally adjacent samples?...
❌ Input element not found. Retrying in 5 seconds...
❌ Skip: Could not find input text area.
🔄 Starting a fresh chat session to prevent context drift and browser lag...
⚠️ Failed to open fresh chat: Page.goto: Target page, context or browser has been closed

[709/1170] Generating answer for: 1508.00657_Q01
  Q: What is the primary methodological contribution proposed by the paper for improving transition-based...
❌ Input element not found. Retrying in 5 seconds...
❌ Skip: Could not find input text area.
🔄 Starting a fresh chat session to prevent context drift and browser lag...
⚠️ Failed to open fresh chat: Page.goto: Target page, context or browser has been closed

[710/1170] Generating answer for: 1508.00657_Q05
  Q: According to Figure 1, how does the SWAP transition modify the parser state?...
❌ Input element not found. Retrying in 5 seconds...
❌ Skip: Could not find input text area.
🔄 Starting a fresh chat session to prevent context drift and browser lag...
⚠️ Failed to open fresh chat: Page.goto: Target page, context or browser has been closed

[711/1170] Generating answer for: 1508.00657_Q09
  Q: According to Table 1, which language achieves the highest development-set UAS using the Chars + POS ...
❌ Input element not found. Retrying in 5 seconds...
❌ Skip: Could not find input text area.
🔄 Starting a fresh chat session to prevent context drift and browser lag...
⚠️ Failed to open fresh chat: Page.goto: Target page, context or browser has been closed

[712/1170] Generating answer for: 1508.00657_Q13
  Q: How does Equation (2) define the probability of selecting the next parser action?...
❌ Input element not found. Retrying in 5 seconds...
❌ Skip: Could not find input text area.
🔄 Starting a fresh chat session to prevent context drift and browser lag...
⚠️ Failed to open fresh chat: Page.goto: Target page, context or browser has been closed

[713/1170] Generating answer for: 1509.09308_Q02
  Q: Why is computing weight gradients using a direct Winograd algorithm over the entire input impractica...
❌ Input element not found. Retrying in 5 seconds...
❌ Skip: Could not find input text area.
🔄 Starting a fresh chat session to prevent context drift and browser lag...
⚠️ Failed to open fresh chat: Page.goto: Target page, context or browser has been closed

[714/1170] Generating answer for: 1509.09308_Q06
  Q: What does Figure 1 indicate about the performance of cuDNN's FFT implementation at intermediate batc...
❌ Input element not found. Retrying in 5 seconds...
❌ Skip: Could not find input text area.
🔄 Starting a fresh chat session to prevent context drift and browser lag...
⚠️ Failed to open fresh chat: Page.goto: Target page, context or browser has been closed

[715/1170] Generating answer for: 1509.09308_Q10
  Q: Using Table 3, which VGG Network E convolutional layer contributes the largest total number of GFLOP...
❌ Input element not found. Retrying in 5 seconds...
❌ Skip: Could not find input text area.
🔄 Starting a fresh chat session to prevent context drift and browser lag...
⚠️ Failed to open fresh chat: Page.goto: Target page, context or browser has been closed

[716/1170] Generating answer for: 1509.09308_Q14
  Q: What key computational insight is represented by Equation (13), and why is it important for efficien...
❌ Input element not found. Retrying in 5 seconds...
❌ Skip: Could not find input text area.
🔄 Starting a fresh chat session to prevent context drift and browser lag...
⚠️ Failed to open fresh chat: Page.goto: Target page, context or browser has been closed

[717/1170] Generating answer for: 1511.06464_Q03
  Q: Why did the authors replace separate ReLU activations on the real and imaginary parts of hidden stat...
❌ Input element not found. Retrying in 5 seconds...
❌ Skip: Could not find input text area.
🔄 Starting a fresh chat session to prevent context drift and browser lag...
⚠️ Failed to open fresh chat: Page.goto: Target page, context or browser has been closed

[718/1170] Generating answer for: 1511.06464_Q07
  Q: What comparison between the tanh RNN, LSTM, and uRNN is illustrated in Figure 2 for the adding probl...
❌ Input element not found. Retrying in 5 seconds...
❌ Skip: Could not find input text area.
🔄 Starting a fresh chat session to prevent context drift and browser lag...
⚠️ Failed to open fresh chat: Page.goto: Target page, context or browser has been closed

[719/1170] Generating answer for: 1511.06464_Q11
  Q: According to Equation (3), under what assumptions is the norm of the backpropagated gradient bounded...
❌ Input element not found. Retrying in 5 seconds...
❌ Skip: Could not find input text area.
🔄 Starting a fresh chat session to prevent context drift and browser lag...
⚠️ Failed to open fresh chat: Page.goto: Target page, context or browser has been closed

[720/1170] Generating answer for: 1511.06464_Q15
  Q: What key property of the modReLU activation defined in Equation (8) distinguishes it from applying R...
❌ Input element not found. Retrying in 5 seconds...
❌ Skip: Could not find input text area.
🔄 Starting a fresh chat session to prevent context drift and browser lag...
⚠️ Failed to open fresh chat: Page.goto: Target page, context or browser has been closed

[721/1170] Generating answer for: 1511.09249_Q04
  Q: Why does the RNNAI retain its entire lifelong sensory-motor interaction history instead of discardin...
❌ Input element not found. Retrying in 5 seconds...
❌ Skip: Could not find input text area.
🔄 Starting a fresh chat session to prevent context drift and browser lag...
⚠️ Failed to open fresh chat: Page.goto: Target page, context or browser has been closed

[722/1170] Generating answer for: 1511.09249_Q08
  Q: What intrinsic motivation is proposed for encouraging exploration by the controller C?...
❌ Input element not found. Retrying in 5 seconds...
❌ Skip: Could not find input text area.
🔄 Starting a fresh chat session to prevent context drift and browser lag...
⚠️ Failed to open fresh chat: Page.goto: Target page, context or browser has been closed

[723/1170] Generating answer for: 1511.09249_Q12
  Q: According to Figure 1, how is intrinsic reward connected to improvements in the world model?...
❌ Input element not found. Retrying in 5 seconds...
❌ Skip: Could not find input text area.
🔄 Starting a fresh chat session to prevent context drift and browser lag...
⚠️ Failed to open fresh chat: Page.goto: Target page, context or browser has been closed

[724/1170] Generating answer for: 0309048_Q01
  Q: What key capability distinguishes a Gödel machine from traditional hardwired problem-solving and rei...
❌ Input element not found. Retrying in 5 seconds...
❌ Skip: Could not find input text area.
🔄 Starting a fresh chat session to prevent context drift and browser lag...
⚠️ Failed to open fresh chat: Page.goto: Target page, context or browser has been closed

[725/1170] Generating answer for: 0309048_Q05
  Q: According to Figure 1, which major components of the initial software are writable by the proof sear...
❌ Input element not found. Retrying in 5 seconds...
❌ Skip: Could not find input text area.
🔄 Starting a fresh chat session to prevent context drift and browser lag...
⚠️ Failed to open fresh chat: Page.goto: Target page, context or browser has been closed

[726/1170] Generating answer for: 0309048_Q09
  Q: According to Table 1, which major architectural regions are represented in the storage snapshot of t...
❌ Input element not found. Retrying in 5 seconds...
❌ Skip: Could not find input text area.
🔄 Starting a fresh chat session to prevent context drift and browser lag...
⚠️ Failed to open fresh chat: Page.goto: Target page, context or browser has been closed

[727/1170] Generating answer for: 0309048_Q13
  Q: What comparison does Equation (2) require before the check() instruction allows execution of switchp...
❌ Input element not found. Retrying in 5 seconds...
❌ Skip: Could not find input text area.
🔄 Starting a fresh chat session to prevent context drift and browser lag...
⚠️ Failed to open fresh chat: Page.goto: Target page, context or browser has been closed

[728/1170] Generating answer for: 1206.2082_Q02
  Q: What three assumptions do the authors make to enable the DISCO sampling framework, and why are these...
❌ Input element not found. Retrying in 5 seconds...
❌ Skip: Could not find input text area.
🔄 Starting a fresh chat session to prevent context drift and browser lag...
⚠️ Failed to open fresh chat: Page.goto: Target page, context or browser has been closed

[729/1170] Generating answer for: 1206.2082_Q06
  Q: According to Figure 1, how does DISCO cosine similarity estimation error change as the similarity th...
❌ Input element not found. Retrying in 5 seconds...
❌ Skip: Could not find input text area.
🔄 Starting a fresh chat session to prevent context drift and browser lag...
⚠️ Failed to open fresh chat: Page.goto: Target page, context or browser has been closed

[730/1170] Generating answer for: 1206.2082_Q10
  Q: Based on Figures 7 and 8, how does DISCO MinHash compare with the original MinHash method for Jaccar...
❌ Input element not found. Retrying in 5 seconds...
❌ Skip: Could not find input text area.
🔄 Starting a fresh chat session to prevent context drift and browser lag...
⚠️ Failed to open fresh chat: Page.goto: Target page, context or browser has been closed

[731/1170] Generating answer for: 1206.2082_Q14
  Q: What common property do all entries in Table 1 share regarding dependence on the data dimension N, a...
❌ Input element not found. Retrying in 5 seconds...
❌ Skip: Could not find input text area.
🔄 Starting a fresh chat session to prevent context drift and browser lag...
⚠️ Failed to open fresh chat: Page.goto: Target page, context or browser has been closed

[732/1170] Generating answer for: 1206.4683_Q03
  Q: Why do the authors propose reconstructing only the most frequent pivot features when handling high-d...
❌ Input element not found. Retrying in 5 seconds...
❌ Skip: Could not find input text area.
🔄 Starting a fresh chat session to prevent context drift and browser lag...
⚠️ Failed to open fresh chat: Page.goto: Target page, context or browser has been closed

[733/1170] Generating answer for: 1206.4683_Q07
  Q: Based on the left panel of Figure 3, how does increasing the input dimensionality affect the perform...
❌ Input element not found. Retrying in 5 seconds...
❌ Skip: Could not find input text area.
🔄 Starting a fresh chat session to prevent context drift and browser lag...
⚠️ Failed to open fresh chat: Page.goto: Target page, context or browser has been closed

[734/1170] Generating answer for: 1206.4683_Q11
  Q: According to Table 2, which methods serve as traditional baselines before applying deep feature lear...
❌ Input element not found. Retrying in 5 seconds...
❌ Skip: Could not find input text area.
🔄 Starting a fresh chat session to prevent context drift and browser lag...
⚠️ Failed to open fresh chat: Page.goto: Target page, context or browser has been closed

[735/1170] Generating answer for: 1206.4683_Q15
  Q: What does Equation (9) define in the high-dimensional extension of mSDA?...
❌ Input element not found. Retrying in 5 seconds...
❌ Skip: Could not find input text area.
🔄 Starting a fresh chat session to prevent context drift and browser lag...
⚠️ Failed to open fresh chat: Page.goto: Target page, context or browser has been closed

[736/1170] Generating answer for: 1312.6114_Q04
  Q: According to the related work section, what is a key drawback of the wake-sleep algorithm compared w...
❌ Input element not found. Retrying in 5 seconds...
❌ Skip: Could not find input text area.
🔄 Starting a fresh chat session to prevent context drift and browser lag...
⚠️ Failed to open fresh chat: Page.goto: Target page, context or browser has been closed

[737/1170] Generating answer for: 1312.6114_Q08
  Q: What comparison is illustrated in Figure 3, and what limitation of Monte Carlo EM is highlighted?...
❌ Input element not found. Retrying in 5 seconds...
❌ Skip: Could not find input text area.
🔄 Starting a fresh chat session to prevent context drift and browser lag...
⚠️ Failed to open fresh chat: Page.goto: Target page, context or browser has been closed

[738/1170] Generating answer for: 1312.6114_Q12
  Q: How does Equation (5) use the reparameterization trick to estimate expectations with respect to the ...
❌ Input element not found. Retrying in 5 seconds...
❌ Skip: Could not find input text area.
🔄 Starting a fresh chat session to prevent context drift and browser lag...
⚠️ Failed to open fresh chat: Page.goto: Target page, context or browser has been closed

[739/1170] Generating answer for: 1312.6120_Q01
  Q: What central theoretical questions does the paper aim to answer through the analysis of deep linear ...
❌ Input element not found. Retrying in 5 seconds...
❌ Skip: Could not find input text area.
🔄 Starting a fresh chat session to prevent context drift and browser lag...
⚠️ Failed to open fresh chat: Page.goto: Target page, context or browser has been closed

[740/1170] Generating answer for: 1312.6120_Q05
  Q: What architecture is illustrated in Figure 1, and what is the corresponding input-output mapping ana...
❌ Input element not found. Retrying in 5 seconds...
❌ Skip: Could not find input text area.
🔄 Starting a fresh chat session to prevent context drift and browser lag...
⚠️ Failed to open fresh chat: Page.goto: Target page, context or browser has been closed

[741/1170] Generating answer for: 1312.6120_Q09
  Q: What table appears on page 5, and what learning setting does it summarize?...
❌ Input element not found. Retrying in 5 seconds...
❌ Skip: Could not find input text area.
🔄 Starting a fresh chat session to prevent context drift and browser lag...
⚠️ Failed to open fresh chat: Page.goto: Target page, context or browser has been closed

[742/1170] Generating answer for: 1312.6120_Q13
  Q: According to Equation (12), how does the strength of a learned input-output mode evolve over time?...
❌ Input element not found. Retrying in 5 seconds...
❌ Skip: Could not find input text area.
🔄 Starting a fresh chat session to prevent context drift and browser lag...
⚠️ Failed to open fresh chat: Page.goto: Target page, context or browser has been closed

[743/1170] Generating answer for: 1404.2188_Q02
  Q: Why do the authors argue that wide convolution is preferable to narrow convolution for sentence mode...
❌ Input element not found. Retrying in 5 seconds...
❌ Skip: Could not find input text area.
🔄 Starting a fresh chat session to prevent context drift and browser lag...
⚠️ Failed to open fresh chat: Page.goto: Target page, context or browser has been closed

[744/1170] Generating answer for: 1404.2188_Q06
  Q: What difference between narrow and wide convolution is illustrated in Figure 2?...
❌ Input element not found. Retrying in 5 seconds...
❌ Skip: Could not find input text area.
🔄 Starting a fresh chat session to prevent context drift and browser lag...
⚠️ Failed to open fresh chat: Page.goto: Target page, context or browser has been closed

[745/1170] Generating answer for: 1404.2188_Q10
  Q: Using Table 2, compare the DCNN with the best-performing SVM system for six-way TREC question classi...
❌ Input element not found. Retrying in 5 seconds...
❌ Skip: Could not find input text area.
🔄 Starting a fresh chat session to prevent context drift and browser lag...
⚠️ Failed to open fresh chat: Page.goto: Target page, context or browser has been closed

[746/1170] Generating answer for: 1404.2188_Q14
  Q: What is the purpose of the diagonal matrix construction defined in Equation (5), and how is it used ...
❌ Input element not found. Retrying in 5 seconds...
❌ Skip: Could not find input text area.
🔄 Starting a fresh chat session to prevent context drift and browser lag...
⚠️ Failed to open fresh chat: Page.goto: Target page, context or browser has been closed

[747/1170] Generating answer for: 1511.01432_Q03
  Q: What is the purpose of the linear label gain technique introduced in the experiments?...
❌ Input element not found. Retrying in 5 seconds...
❌ Skip: Could not find input text area.
🔄 Starting a fresh chat session to prevent context drift and browser lag...
⚠️ Failed to open fresh chat: Page.goto: Target page, context or browser has been closed

[748/1170] Generating answer for: 1511.01432_Q07
  Q: In Figure 1, what example sequence is used to illustrate the sequence autoencoder architecture?...
❌ Input element not found. Retrying in 5 seconds...
❌ Skip: Could not find input text area.
🔄 Starting a fresh chat session to prevent context drift and browser lag...
⚠️ Failed to open fresh chat: Page.goto: Target page, context or browser has been closed

[749/1170] Generating answer for: 1511.01432_Q11
  Q: According to Table 1, which benchmark dataset achieved the lowest error rate using SA-LSTM?...
❌ Input element not found. Retrying in 5 seconds...
❌ Skip: Could not find input text area.
🔄 Starting a fresh chat session to prevent context drift and browser lag...
⚠️ Failed to open fresh chat: Page.goto: Target page, context or browser has been closed

[750/1170] Generating answer for: 1511.01432_Q15
  Q: Based on Table 7, which configuration produced the best DBpedia character-level classification resul...
❌ Input element not found. Retrying in 5 seconds...
❌ Skip: Could not find input text area.
🔄 Starting a fresh chat session to prevent context drift and browser lag...
⚠️ Failed to open fresh chat: Page.goto: Target page, context or browser has been closed

[751/1170] Generating answer for: 1405.5713_Q04
  Q: According to the conclusions, what are two key directions for future research identified by the auth...
❌ Input element not found. Retrying in 5 seconds...
❌ Skip: Could not find input text area.
🔄 Starting a fresh chat session to prevent context drift and browser lag...
⚠️ Failed to open fresh chat: Page.goto: Target page, context or browser has been closed

[752/1170] Generating answer for: 1405.5713_Q08
  Q: Based on Figure 5.6, what determines the error plateau reached by the FTT-projection approximation f...
❌ Input element not found. Retrying in 5 seconds...
❌ Skip: Could not find input text area.
🔄 Starting a fresh chat session to prevent context drift and browser lag...
⚠️ Failed to open fresh chat: Page.goto: Target page, context or browser has been closed

[753/1170] Generating answer for: 1405.5713_Q12
  Q: According to Equation (2.7), what approximation guarantee does the TT-SVD algorithm provide relative...
❌ Input element not found. Retrying in 5 seconds...
❌ Skip: Could not find input text area.
🔄 Starting a fresh chat session to prevent context drift and browser lag...
⚠️ Failed to open fresh chat: Page.goto: Target page, context or browser has been closed

[754/1170] Generating answer for: 1406.1078_Q01
  Q: Why did the authors ignore normalized phrase-pair frequencies when training the RNN Encoder–Decoder?...
❌ Input element not found. Retrying in 5 seconds...
❌ Skip: Could not find input text area.
🔄 Starting a fresh chat session to prevent context drift and browser lag...
⚠️ Failed to open fresh chat: Page.goto: Target page, context or browser has been closed

[755/1170] Generating answer for: 1406.1078_Q05
  Q: According to Figure 1, what are the roles of the encoder, the context vector c, and the decoder in t...
❌ Input element not found. Retrying in 5 seconds...
❌ Skip: Could not find input text area.
🔄 Starting a fresh chat session to prevent context drift and browser lag...
⚠️ Failed to open fresh chat: Page.goto: Target page, context or browser has been closed

[756/1170] Generating answer for: 1406.1078_Q09
  Q: According to Table 1, which experimental configuration achieved the highest BLEU score on the test s...
❌ Input element not found. Retrying in 5 seconds...
❌ Skip: Could not find input text area.
🔄 Starting a fresh chat session to prevent context drift and browser lag...
⚠️ Failed to open fresh chat: Page.goto: Target page, context or browser has been closed

[757/1170] Generating answer for: 1406.1078_Q13
  Q: According to Equation (4), what objective is optimized when training the RNN Encoder–Decoder?...
❌ Input element not found. Retrying in 5 seconds...
❌ Skip: Could not find input text area.
🔄 Starting a fresh chat session to prevent context drift and browser lag...
⚠️ Failed to open fresh chat: Page.goto: Target page, context or browser has been closed

[758/1170] Generating answer for: 1411.0030_Q02
  Q: Why do the authors introduce the Gumbel process, and what role does it play in extending the Gumbel-...
❌ Input element not found. Retrying in 5 seconds...
❌ Skip: Could not find input text area.
🔄 Starting a fresh chat session to prevent context drift and browser lag...
⚠️ Failed to open fresh chat: Page.goto: Target page, context or browser has been closed

[759/1170] Generating answer for: 1411.0030_Q06
  Q: Based on Figure 2(a), how does the drill-down variant of A* Sampling scale as the target distributio...
❌ Input element not found. Retrying in 5 seconds...
❌ Skip: Could not find input text area.
🔄 Starting a fresh chat session to prevent context drift and browser lag...
⚠️ Failed to open fresh chat: Page.goto: Target page, context or browser has been closed

[760/1170] Generating answer for: 1411.0030_Q10
  Q: Using Table 1, what prior interval is assigned to parameter a in the exponential regression model y ...
❌ Input element not found. Retrying in 5 seconds...
❌ Skip: Could not find input text area.
🔄 Starting a fresh chat session to prevent context drift and browser lag...
⚠️ Failed to open fresh chat: Page.goto: Target page, context or browser has been closed

[761/1170] Generating answer for: 1411.0030_Q14
  Q: What identity is established by Equation (5) in the appendix, and how is it used in later derivation...
❌ Input element not found. Retrying in 5 seconds...
❌ Skip: Could not find input text area.
🔄 Starting a fresh chat session to prevent context drift and browser lag...
⚠️ Failed to open fresh chat: Page.goto: Target page, context or browser has been closed

[762/1170] Generating answer for: 1412.6980_Q03
  Q: According to the discussion of CNN experiments, why does Adam eventually outperform AdaGrad despite ...
❌ Input element not found. Retrying in 5 seconds...
❌ Skip: Could not find input text area.
🔄 Starting a fresh chat session to prevent context drift and browser lag...
⚠️ Failed to open fresh chat: Page.goto: Target page, context or browser has been closed

[763/1170] Generating answer for: 1412.6980_Q07
  Q: What training behavior is illustrated by Figure 3 for Adam on CIFAR-10 convolutional neural networks...
❌ Input element not found. Retrying in 5 seconds...
❌ Skip: Could not find input text area.
🔄 Starting a fresh chat session to prevent context drift and browser lag...
⚠️ Failed to open fresh chat: Page.goto: Target page, context or browser has been closed

[764/1170] Generating answer for: 1412.6980_Q11
  Q: From Table 2 (Algorithm 2), what quantities replace Adam's second-moment estimate in AdaMax, and how...
❌ Input element not found. Retrying in 5 seconds...
❌ Skip: Could not find input text area.
🔄 Starting a fresh chat session to prevent context drift and browser lag...
⚠️ Failed to open fresh chat: Page.goto: Target page, context or browser has been closed

[765/1170] Generating answer for: 1412.6980_Q15
  Q: How does Equation (11) explain the transition from the Lp-based formulation to the AdaMax update as ...
❌ Input element not found. Retrying in 5 seconds...
❌ Skip: Could not find input text area.
🔄 Starting a fresh chat session to prevent context drift and browser lag...
⚠️ Failed to open fresh chat: Page.goto: Target page, context or browser has been closed

[766/1170] Generating answer for: 1502.04156_Q04
  Q: According to the experimental validation, what architecture and training configuration were used for...
❌ Input element not found. Retrying in 5 seconds...
❌ Skip: Could not find input text area.
🔄 Starting a fresh chat session to prevent context drift and browser lag...
⚠️ Failed to open fresh chat: Page.goto: Target page, context or browser has been closed

[767/1170] Generating answer for: 1502.04156_Q08
  Q: What does Figure 3 illustrate about the proposed biologically plausible learning algorithm?...
❌ Input element not found. Retrying in 5 seconds...
❌ Skip: Could not find input text area.
🔄 Starting a fresh chat session to prevent context drift and browser lag...
⚠️ Failed to open fresh chat: Page.goto: Target page, context or browser has been closed

[768/1170] Generating answer for: 1502.04156_Q12
  Q: What quantity is lower bounded by Equation (3), and what are the two terms that compose this variati...
❌ Input element not found. Retrying in 5 seconds...
❌ Skip: Could not find input text area.
🔄 Starting a fresh chat session to prevent context drift and browser lag...
⚠️ Failed to open fresh chat: Page.goto: Target page, context or browser has been closed

[769/1170] Generating answer for: 1502.04390_Q01
  Q: What is the primary motivation for introducing the ESGD adaptive learning rate method?...
❌ Input element not found. Retrying in 5 seconds...
❌ Skip: Could not find input text area.
🔄 Starting a fresh chat session to prevent context drift and browser lag...
⚠️ Failed to open fresh chat: Page.goto: Target page, context or browser has been closed

[770/1170] Generating answer for: 1502.04390_Q05
  Q: What overall conclusion do the authors draw regarding ESGD and RMSProp?...
❌ Input element not found. Retrying in 5 seconds...
❌ Skip: Could not find input text area.
🔄 Starting a fresh chat session to prevent context drift and browser lag...
⚠️ Failed to open fresh chat: Page.goto: Target page, context or browser has been closed

[771/1170] Generating answer for: 1502.04390_Q09
  Q: What insight does Figure 4 provide regarding the relationship between RMSProp and the equilibration ...
❌ Input element not found. Retrying in 5 seconds...
❌ Skip: Could not find input text area.
🔄 Starting a fresh chat session to prevent context drift and browser lag...
⚠️ Failed to open fresh chat: Page.goto: Target page, context or browser has been closed

[772/1170] Generating answer for: 1502.04390_Q13
  Q: What matrix is used as the equilibration preconditioner in Equation (7)?...
❌ Input element not found. Retrying in 5 seconds...
❌ Skip: Could not find input text area.
🔄 Starting a fresh chat session to prevent context drift and browser lag...
⚠️ Failed to open fresh chat: Page.goto: Target page, context or browser has been closed

[773/1170] Generating answer for: 1504.06852_Q02
  Q: How does the FlowNetCorr architecture differ conceptually from FlowNetSimple?...
❌ Input element not found. Retrying in 5 seconds...
❌ Skip: Could not find input text area.
🔄 Starting a fresh chat session to prevent context drift and browser lag...
⚠️ Failed to open fresh chat: Page.goto: Target page, context or browser has been closed

[774/1170] Generating answer for: 1504.06852_Q06
  Q: What architectural difference between FlowNetSimple and FlowNetCorr is illustrated in Figure 2?...
❌ Input element not found. Retrying in 5 seconds...
❌ Skip: Could not find input text area.
🔄 Starting a fresh chat session to prevent context drift and browser lag...
⚠️ Failed to open fresh chat: Page.goto: Target page, context or browser has been closed

[775/1170] Generating answer for: 1504.06852_Q10
  Q: Based on Table 2, how does FlowNetS+ft+v compare with EPPM on the Sintel Final test set?...
❌ Input element not found. Retrying in 5 seconds...
❌ Skip: Could not find input text area.
🔄 Starting a fresh chat session to prevent context drift and browser lag...
⚠️ Failed to open fresh chat: Page.goto: Target page, context or browser has been closed

[776/1170] Generating answer for: 1504.06852_Q14
  Q: How does Equation (1) relate the proposed correlation layer to standard convolution?...
❌ Input element not found. Retrying in 5 seconds...
❌ Skip: Could not find input text area.
🔄 Starting a fresh chat session to prevent context drift and browser lag...
⚠️ Failed to open fresh chat: Page.goto: Target page, context or browser has been closed

[777/1170] Generating answer for: 1504.07225_Q03
  Q: Why do the authors merge multiple adjacent sentence bags-of-words into a single training instance wh...
❌ Input element not found. Retrying in 5 seconds...
❌ Skip: Could not find input text area.
🔄 Starting a fresh chat session to prevent context drift and browser lag...
⚠️ Failed to open fresh chat: Page.goto: Target page, context or browser has been closed

[778/1170] Generating answer for: 1504.07225_Q07
  Q: What qualitative comparison does Figure 3 provide between CorrNet and MAE for cross-reconstruction o...
❌ Input element not found. Retrying in 5 seconds...
❌ Skip: Could not find input text area.
🔄 Starting a fresh chat session to prevent context drift and browser lag...
⚠️ Failed to open fresh chat: Page.goto: Target page, context or browser has been closed

[779/1170] Generating answer for: 1504.07225_Q11
  Q: According to Table 8, for which language-pair transfer directions does CorrNet outperform both the K...
❌ Input element not found. Retrying in 5 seconds...
❌ Skip: Could not find input text area.
🔄 Starting a fresh chat session to prevent context drift and browser lag...
⚠️ Failed to open fresh chat: Page.goto: Target page, context or browser has been closed

[780/1170] Generating answer for: 1504.07225_Q15
  Q: What are the four components combined in the CorrNet objective function, and why are they optimized ...
❌ Input element not found. Retrying in 5 seconds...
❌ Skip: Could not find input text area.
🔄 Starting a fresh chat session to prevent context drift and browser lag...
⚠️ Failed to open fresh chat: Page.goto: Target page, context or browser has been closed

[781/1170] Generating answer for: 1504.08215_Q04
  Q: According to the discussion section, why do the authors believe the proposed model achieves improved...
❌ Input element not found. Retrying in 5 seconds...
❌ Skip: Could not find input text area.
🔄 Starting a fresh chat session to prevent context drift and browser lag...
⚠️ Failed to open fresh chat: Page.goto: Target page, context or browser has been closed

[782/1170] Generating answer for: 1504.08215_Q08
  Q: According to Figure 2, what comparison is made between η = 0 and η = 500, and what additional statis...
❌ Input element not found. Retrying in 5 seconds...
❌ Skip: Could not find input text area.
🔄 Starting a fresh chat session to prevent context drift and browser lag...
⚠️ Failed to open fresh chat: Page.goto: Target page, context or browser has been closed

[783/1170] Generating answer for: 1504.08215_Q12
  Q: In Equation (1), how are encoder preactivations computed before applying the activation function?...
❌ Input element not found. Retrying in 5 seconds...
❌ Skip: Could not find input text area.
🔄 Starting a fresh chat session to prevent context drift and browser lag...
⚠️ Failed to open fresh chat: Page.goto: Target page, context or browser has been closed

[784/1170] Generating answer for: 1505.00387_Q01
  Q: What fundamental problem in deep learning do the authors aim to solve with highway networks, and wha...
❌ Input element not found. Retrying in 5 seconds...
❌ Skip: Could not find input text area.
🔄 Starting a fresh chat session to prevent context drift and browser lag...
⚠️ Failed to open fresh chat: Page.goto: Target page, context or browser has been closed

[785/1170] Generating answer for: 1505.00387_Q05
  Q: According to Figure 1, how does optimization performance change with increasing depth for plain netw...
❌ Input element not found. Retrying in 5 seconds...
❌ Skip: Could not find input text area.
🔄 Starting a fresh chat session to prevent context drift and browser lag...
⚠️ Failed to open fresh chat: Page.goto: Target page, context or browser has been closed

[786/1170] Generating answer for: 1505.00387_Q09
  Q: According to Table 1, which highway network achieved the highest CIFAR-10 test accuracy, and what we...
❌ Input element not found. Retrying in 5 seconds...
❌ Skip: Could not find input text area.
🔄 Starting a fresh chat session to prevent context drift and browser lag...
⚠️ Failed to open fresh chat: Page.goto: Target page, context or browser has been closed

[787/1170] Generating answer for: 1505.00387_Q13
  Q: What simplification is introduced in Equation (3), and how does it modify the highway layer formulat...
❌ Input element not found. Retrying in 5 seconds...
❌ Skip: Could not find input text area.
🔄 Starting a fresh chat session to prevent context drift and browser lag...
⚠️ Failed to open fresh chat: Page.goto: Target page, context or browser has been closed

[788/1170] Generating answer for: 1505.00393_Q02
  Q: According to the comparison between LeNet and ReNet, why does ReNet not require max-pooling?...
❌ Input element not found. Retrying in 5 seconds...
❌ Skip: Could not find input text area.
🔄 Starting a fresh chat session to prevent context drift and browser lag...
⚠️ Failed to open fresh chat: Page.goto: Target page, context or browser has been closed

[789/1170] Generating answer for: 1505.00393_Q06
  Q: What does Figure 1 illustrate about the contextual information encoded in each output feature of a R...
❌ Input element not found. Retrying in 5 seconds...
❌ Skip: Could not find input text area.
🔄 Starting a fresh chat session to prevent context drift and browser lag...
⚠️ Failed to open fresh chat: Page.goto: Target page, context or browser has been closed

[790/1170] Generating answer for: 1505.00393_Q10
  Q: Which datasets employed image flipping as data augmentation according to Table 1?...
❌ Input element not found. Retrying in 5 seconds...
❌ Skip: Could not find input text area.
🔄 Starting a fresh chat session to prevent context drift and browser lag...
⚠️ Failed to open fresh chat: Page.goto: Target page, context or browser has been closed

[791/1170] Generating answer for: 1505.00393_Q14
  Q: What role do Equations (1) and (2) jointly play in constructing the intermediate feature representat...
❌ Input element not found. Retrying in 5 seconds...
❌ Skip: Could not find input text area.
🔄 Starting a fresh chat session to prevent context drift and browser lag...
⚠️ Failed to open fresh chat: Page.goto: Target page, context or browser has been closed

[792/1170] Generating answer for: 0903.0340_Q03
  Q: How does the paper explain the significance of omitting contraction and weakening rules in linear lo...
❌ Input element not found. Retrying in 5 seconds...
❌ Skip: Could not find input text area.
🔄 Starting a fresh chat session to prevent context drift and browser lag...
⚠️ Failed to open fresh chat: Page.goto: Target page, context or browser has been closed

[793/1170] Generating answer for: 0903.0340_Q07
  Q: What property of the identity rule is demonstrated by Figure 2?...
❌ Input element not found. Retrying in 5 seconds...
❌ Skip: Could not find input text area.
🔄 Starting a fresh chat session to prevent context drift and browser lag...
⚠️ Failed to open fresh chat: Page.goto: Target page, context or browser has been closed

[794/1170] Generating answer for: 0903.0340_Q11
  Q: According to Table 1, what are the counterparts of 'object' and 'morphism' across physics, topology,...
❌ Input element not found. Retrying in 5 seconds...
❌ Skip: Could not find input text area.
🔄 Starting a fresh chat session to prevent context drift and browser lag...
⚠️ Failed to open fresh chat: Page.goto: Target page, context or browser has been closed

[795/1170] Generating answer for: 0903.0340_Q15
  Q: According to Table 4, what common interpretation is assigned to the tensor product of morphisms acro...
❌ Input element not found. Retrying in 5 seconds...
❌ Skip: Could not find input text area.
🔄 Starting a fresh chat session to prevent context drift and browser lag...
⚠️ Failed to open fresh chat: Page.goto: Target page, context or browser has been closed

[796/1170] Generating answer for: 1505.00468_Q04
  Q: Why do the authors avoid using BLEU, ROUGE, or Word2Vec-based soft metrics for evaluating VQA answer...
❌ Input element not found. Retrying in 5 seconds...
❌ Skip: Could not find input text area.
🔄 Starting a fresh chat session to prevent context drift and browser lag...
⚠️ Failed to open fresh chat: Page.goto: Target page, context or browser has been closed

[797/1170] Generating answer for: 1505.00468_Q08
  Q: What does Figure 3 reveal about the distribution of question prefixes for real images versus abstrac...
❌ Input element not found. Retrying in 5 seconds...
❌ Skip: Could not find input text area.
🔄 Starting a fresh chat session to prevent context drift and browser lag...
⚠️ Failed to open fresh chat: Page.goto: Target page, context or browser has been closed

[798/1170] Generating answer for: 1505.00468_Q12
  Q: According to Table 2, which method achieves the highest open-ended accuracy on the VQA test-dev set,...
❌ Input element not found. Retrying in 5 seconds...
❌ Skip: Could not find input text area.
🔄 Starting a fresh chat session to prevent context drift and browser lag...
⚠️ Failed to open fresh chat: Page.goto: Target page, context or browser has been closed

[799/1170] Generating answer for: 1505.00853_Q01
  Q: What two central research questions do the authors pose regarding ReLU and rectified activation func...
❌ Input element not found. Retrying in 5 seconds...
❌ Skip: Could not find input text area.
🔄 Starting a fresh chat session to prevent context drift and browser lag...
⚠️ Failed to open fresh chat: Page.goto: Target page, context or browser has been closed

[800/1170] Generating answer for: 1505.00853_Q05
  Q: According to Figure 1, how does RReLU differ from Leaky ReLU and PReLU in the treatment of the negat...
❌ Input element not found. Retrying in 5 seconds...
❌ Skip: Could not find input text area.
🔄 Starting a fresh chat session to prevent context drift and browser lag...
⚠️ Failed to open fresh chat: Page.goto: Target page, context or browser has been closed

[801/1170] Generating answer for: 1505.00853_Q09
  Q: According to Table 1, what network architecture is used for the CIFAR-10/CIFAR-100 experiments?...
❌ Input element not found. Retrying in 5 seconds...
❌ Skip: Could not find input text area.
🔄 Starting a fresh chat session to prevent context drift and browser lag...
⚠️ Failed to open fresh chat: Page.goto: Target page, context or browser has been closed

[802/1170] Generating answer for: 1505.00853_Q13
  Q: How does Equation (2) generalize the standard ReLU formulation?...
❌ Input element not found. Retrying in 5 seconds...
❌ Skip: Could not find input text area.
🔄 Starting a fresh chat session to prevent context drift and browser lag...
⚠️ Failed to open fresh chat: Page.goto: Target page, context or browser has been closed

[803/1170] Generating answer for: 1505.01121_Q02
  Q: Why do the authors introduce a language-only variant of Neural-Image-QA, and what conclusion do they...
❌ Input element not found. Retrying in 5 seconds...
❌ Skip: Could not find input text area.
🔄 Starting a fresh chat session to prevent context drift and browser lag...
⚠️ Failed to open fresh chat: Page.goto: Target page, context or browser has been closed

[804/1170] Generating answer for: 1505.01121_Q06
  Q: What additional information about the data flow is illustrated in Figure 2 beyond the high-level ove...
❌ Input element not found. Retrying in 5 seconds...
❌ Skip: Could not find input text area.
🔄 Starting a fresh chat session to prevent context drift and browser lag...
⚠️ Failed to open fresh chat: Page.goto: Target page, context or browser has been closed

[805/1170] Generating answer for: 1505.01121_Q10
  Q: Based on Table 3, which model obtains the highest accuracy on the reduced DAQUAR benchmark, and what...
❌ Input element not found. Retrying in 5 seconds...
❌ Skip: Could not find input text area.
🔄 Starting a fresh chat session to prevent context drift and browser lag...
⚠️ Failed to open fresh chat: Page.goto: Target page, context or browser has been closed

[806/1170] Generating answer for: 1505.01121_Q14
  Q: According to Equation (7), how is the LSTM memory cell updated using the forget gate and input gate?...
❌ Input element not found. Retrying in 5 seconds...
❌ Skip: Could not find input text area.
🔄 Starting a fresh chat session to prevent context drift and browser lag...
⚠️ Failed to open fresh chat: Page.goto: Target page, context or browser has been closed

[807/1170] Generating answer for: 1505.01809_Q03
  Q: How is the consensus caption selected in the proposed k-nearest neighbor retrieval method?...
❌ Input element not found. Retrying in 5 seconds...
❌ Skip: Could not find input text area.
🔄 Starting a fresh chat session to prevent context drift and browser lag...
⚠️ Failed to open fresh chat: Page.goto: Target page, context or browser has been closed

[808/1170] Generating answer for: 1505.01809_Q07
  Q: What retrieval process illustrated by Figure 1 allows the system to avoid selecting a caption that o...
❌ Input element not found. Retrying in 5 seconds...
❌ Skip: Could not find input text area.
🔄 Starting a fresh chat session to prevent context drift and browser lag...
⚠️ Failed to open fresh chat: Page.goto: Target page, context or browser has been closed

[809/1170] Generating answer for: 1505.01809_Q11
  Q: According to Table 1, which language model achieves the highest BLEU score among the language-model-...
❌ Input element not found. Retrying in 5 seconds...
❌ Skip: Could not find input text area.
🔄 Starting a fresh chat session to prevent context drift and browser lag...
⚠️ Failed to open fresh chat: Page.goto: Target page, context or browser has been closed

[810/1170] Generating answer for: 1505.01809_Q15
  Q: Based on Table 7, which model performs best on visually novel images (the 20% least overlapping with...
❌ Input element not found. Retrying in 5 seconds...
❌ Skip: Could not find input text area.
🔄 Starting a fresh chat session to prevent context drift and browser lag...
⚠️ Failed to open fresh chat: Page.goto: Target page, context or browser has been closed

[811/1170] Generating answer for: 1505.03159_Q04
  Q: How is inference performed in the proposed Markov Random Field despite the optimization problem bein...
❌ Input element not found. Retrying in 5 seconds...
❌ Skip: Could not find input text area.
🔄 Starting a fresh chat session to prevent context drift and browser lag...
⚠️ Failed to open fresh chat: Page.goto: Target page, context or browser has been closed

[812/1170] Generating answer for: 1505.03159_Q08
  Q: What architectural modification to the convolutional network is highlighted in Figure 3 compared wit...
❌ Input element not found. Retrying in 5 seconds...
❌ Skip: Could not find input text area.
🔄 Starting a fresh chat session to prevent context drift and browser lag...
⚠️ Failed to open fresh chat: Page.goto: Target page, context or browser has been closed

[813/1170] Generating answer for: 1505.03159_Q12
  Q: Using Table 1, compare the Full and Full+PP models. How does post-processing affect overall recall (...
❌ Input element not found. Retrying in 5 seconds...
❌ Skip: Could not find input text area.
🔄 Starting a fresh chat session to prevent context drift and browser lag...
⚠️ Failed to open fresh chat: Page.goto: Target page, context or browser has been closed

[814/1170] Generating answer for: 1505.05612_Q01
  Q: What are the four major components of the proposed mQA model, and what role does each component play...
❌ Input element not found. Retrying in 5 seconds...
❌ Skip: Could not find input text area.
🔄 Starting a fresh chat session to prevent context drift and browser lag...
⚠️ Failed to open fresh chat: Page.goto: Target page, context or browser has been closed

[815/1170] Generating answer for: 1505.05612_Q05
  Q: According to Figure 1, what multilingual capability of the proposed system is demonstrated by the ex...
❌ Input element not found. Retrying in 5 seconds...
❌ Skip: Could not find input text area.
🔄 Starting a fresh chat session to prevent context drift and browser lag...
⚠️ Failed to open fresh chat: Page.goto: Target page, context or browser has been closed

[816/1170] Generating answer for: 1505.05612_Q09
  Q: According to Table 1, how does the mQA model compare with the blind-QA baseline in Visual Turing Tes...
❌ Input element not found. Retrying in 5 seconds...
❌ Skip: Could not find input text area.
🔄 Starting a fresh chat session to prevent context drift and browser lag...
⚠️ Failed to open fresh chat: Page.goto: Target page, context or browser has been closed

[817/1170] Generating answer for: 1505.05612_Q13
  Q: In Equation (1), what role does the nonlinear function g(.) play after combining the transformed mul...
❌ Input element not found. Retrying in 5 seconds...
❌ Skip: Could not find input text area.
🔄 Starting a fresh chat session to prevent context drift and browser lag...
⚠️ Failed to open fresh chat: Page.goto: Target page, context or browser has been closed

[818/1170] Generating answer for: 1506.02075_Q02
  Q: How does the paper define the simple question answering task over a knowledge base?...
❌ Input element not found. Retrying in 5 seconds...
❌ Skip: Could not find input text area.
🔄 Starting a fresh chat session to prevent context drift and browser lag...
⚠️ Failed to open fresh chat: Page.goto: Target page, context or browser has been closed

[819/1170] Generating answer for: 1506.02075_Q06
  Q: How do the authors obtain distant supervision for WebQuestions even though supporting facts are not ...
❌ Input element not found. Retrying in 5 seconds...
❌ Skip: Could not find input text area.
🔄 Starting a fresh chat session to prevent context drift and browser lag...
⚠️ Failed to open fresh chat: Page.goto: Target page, context or browser has been closed

[820/1170] Generating answer for: 1506.02075_Q10
  Q: Using Table 2, compare FB2M and FB5M in terms of the number of entities and grouped facts....
❌ Input element not found. Retrying in 5 seconds...
❌ Skip: Could not find input text area.
🔄 Starting a fresh chat session to prevent context drift and browser lag...
⚠️ Failed to open fresh chat: Page.goto: Target page, context or browser has been closed

[821/1170] Generating answer for: 1506.02075_Q14
  Q: According to Table 4, which Memory Network configuration achieves the highest transfer-learning accu...
❌ Input element not found. Retrying in 5 seconds...
❌ Skip: Could not find input text area.
🔄 Starting a fresh chat session to prevent context drift and browser lag...
⚠️ Failed to open fresh chat: Page.goto: Target page, context or browser has been closed

[822/1170] Generating answer for: 1506.02078_Q03
  Q: According to the training dynamics analysis, how does the LSTM's behavior evolve relative to n-NN mo...
❌ Input element not found. Retrying in 5 seconds...
❌ Skip: Could not find input text area.
🔄 Starting a fresh chat session to prevent context drift and browser lag...
⚠️ Failed to open fresh chat: Page.goto: Target page, context or browser has been closed

[823/1170] Generating answer for: 1506.02078_Q07
  Q: Based on Figure 3, what does the saturation analysis reveal about forget gates and the first recurre...
❌ Input element not found. Retrying in 5 seconds...
❌ Skip: Could not find input text area.
🔄 Starting a fresh chat session to prevent context drift and browser lag...
⚠️ Failed to open fresh chat: Page.goto: Target page, context or browser has been closed

[824/1170] Generating answer for: 1506.02078_Q11
  Q: According to Table 2, how do n-gram and n-NN models compare as the context length increases?...
❌ Input element not found. Retrying in 5 seconds...
❌ Skip: Could not find input text area.
🔄 Starting a fresh chat session to prevent context drift and browser lag...
⚠️ Failed to open fresh chat: Page.goto: Target page, context or browser has been closed

[825/1170] Generating answer for: 1506.02078_Q15
  Q: In the vanilla RNN recurrence equation, which two sources of information are combined to compute the...
❌ Input element not found. Retrying in 5 seconds...
❌ Skip: Could not find input text area.
🔄 Starting a fresh chat session to prevent context drift and browser lag...
⚠️ Failed to open fresh chat: Page.goto: Target page, context or browser has been closed

[826/1170] Generating answer for: 1506.02216_Q04
  Q: How do the authors explain the superior speech generation quality of latent-variable models compared...
❌ Input element not found. Retrying in 5 seconds...
❌ Skip: Could not find input text area.
🔄 Starting a fresh chat session to prevent context drift and browser lag...
⚠️ Failed to open fresh chat: Page.goto: Target page, context or browser has been closed

[827/1170] Generating answer for: 1506.02216_Q08
  Q: What qualitative advantage of VRNN-GMM over RNN-based models is demonstrated in Figure 4 for handwri...
❌ Input element not found. Retrying in 5 seconds...
❌ Skip: Could not find input text area.
🔄 Starting a fresh chat session to prevent context drift and browser lag...
⚠️ Failed to open fresh chat: Page.goto: Target page, context or browser has been closed

[828/1170] Generating answer for: 1506.02216_Q12
  Q: According to Equation (5), what determines the parameters of the conditional prior distribution over...
❌ Input element not found. Retrying in 5 seconds...
❌ Skip: Could not find input text area.
🔄 Starting a fresh chat session to prevent context drift and browser lag...
⚠️ Failed to open fresh chat: Page.goto: Target page, context or browser has been closed

[829/1170] Generating answer for: 1506.02338_Q01
  Q: What are the two main innovations introduced by the Partitioned Embedding Neural Network (PENN) mode...
❌ Input element not found. Retrying in 5 seconds...
❌ Skip: Could not find input text area.
🔄 Starting a fresh chat session to prevent context drift and browser lag...
⚠️ Failed to open fresh chat: Page.goto: Target page, context or browser has been closed

[830/1170] Generating answer for: 1506.02338_Q05
  Q: What conclusion do the authors draw regarding encoding both word order and character order in neural...
❌ Input element not found. Retrying in 5 seconds...
❌ Skip: Could not find input text area.
🔄 Starting a fresh chat session to prevent context drift and browser lag...
⚠️ Failed to open fresh chat: Page.goto: Target page, context or browser has been closed

[831/1170] Generating answer for: 1506.02338_Q09
  Q: What does the color coding in Figure 4 represent, and what qualitative trend does it reveal about pr...
❌ Input element not found. Retrying in 5 seconds...
❌ Skip: Could not find input text area.
🔄 Starting a fresh chat session to prevent context drift and browser lag...
⚠️ Failed to open fresh chat: Page.goto: Target page, context or browser has been closed

[832/1170] Generating answer for: 1506.02338_Q13
  Q: Using Table 3, how much does the Penn-DIEM Ensemble improve the total Google Analogy score compared ...
❌ Input element not found. Retrying in 5 seconds...
❌ Skip: Could not find input text area.
🔄 Starting a fresh chat session to prevent context drift and browser lag...
⚠️ Failed to open fresh chat: Page.goto: Target page, context or browser has been closed

[833/1170] Generating answer for: 1506.02516_Q02
  Q: How are training and test data generated differently for the ITG transduction tasks to evaluate gene...
❌ Input element not found. Retrying in 5 seconds...
❌ Skip: Could not find input text area.
🔄 Starting a fresh chat session to prevent context drift and browser lag...
⚠️ Failed to open fresh chat: Page.goto: Target page, context or browser has been closed

[834/1170] Generating answer for: 1506.02516_Q06
  Q: According to Figure 1(b), what are the inputs and outputs of the Neural Stack recurrent layer?...
❌ Input element not found. Retrying in 5 seconds...
❌ Skip: Could not find input text area.
🔄 Starting a fresh chat session to prevent context drift and browser lag...
⚠️ Failed to open fresh chat: Page.goto: Target page, context or browser has been closed

[835/1170] Generating answer for: 1506.02516_Q10
  Q: Using Table 2, how many trainable parameters does the DeQue-LSTM have when the hidden layer size is ...
❌ Input element not found. Retrying in 5 seconds...
❌ Skip: Could not find input text area.
🔄 Starting a fresh chat session to prevent context drift and browser lag...
⚠️ Failed to open fresh chat: Page.goto: Target page, context or browser has been closed

[836/1170] Generating answer for: 1506.02516_Q14
  Q: What modification introduced in Equation (5) differentiates the Neural Queue read operation from the...
❌ Input element not found. Retrying in 5 seconds...
❌ Skip: Could not find input text area.
🔄 Starting a fresh chat session to prevent context drift and browser lag...
⚠️ Failed to open fresh chat: Page.goto: Target page, context or browser has been closed

[837/1170] Generating answer for: 1506.02544_Q03
  Q: How does the paper argue that learning with invariant random features reduces sample complexity?...
❌ Input element not found. Retrying in 5 seconds...
❌ Skip: Could not find input text area.
🔄 Starting a fresh chat session to prevent context drift and browser lag...
⚠️ Failed to open fresh chat: Page.goto: Target page, context or browser has been closed

[838/1170] Generating answer for: 1506.02544_Q07
  Q: What experimental scenarios are compared in Figure 3 for the TIDIGITS dataset, and what robustness p...
❌ Input element not found. Retrying in 5 seconds...
❌ Skip: Could not find input text area.
🔄 Starting a fresh chat session to prevent context drift and browser lag...
⚠️ Failed to open fresh chat: Page.goto: Target page, context or browser has been closed

[839/1170] Generating answer for: 1506.02544_Q11
  Q: What two evaluation settings are summarized in Table 3 for the TIDIGITS experiments?...
❌ Input element not found. Retrying in 5 seconds...
❌ Skip: Could not find input text area.
🔄 Starting a fresh chat session to prevent context drift and browser lag...
⚠️ Failed to open fresh chat: Page.goto: Target page, context or browser has been closed

[840/1170] Generating answer for: 1506.02544_Q15
  Q: What are the three sources of approximation error identified in Equation (12) of the proof of Theore...
❌ Input element not found. Retrying in 5 seconds...
❌ Skip: Could not find input text area.
🔄 Starting a fresh chat session to prevent context drift and browser lag...
⚠️ Failed to open fresh chat: Page.goto: Target page, context or browser has been closed

[841/1170] Generating answer for: 1506.02617_Q04
  Q: According to the discussion, what future optimization directions do the authors propose beyond Path-...
❌ Input element not found. Retrying in 5 seconds...
❌ Skip: Could not find input text area.
🔄 Starting a fresh chat session to prevent context drift and browser lag...
⚠️ Failed to open fresh chat: Page.goto: Target page, context or browser has been closed

[842/1170] Generating answer for: 1506.02617_Q08
  Q: What conclusion can be drawn from Figure 3 about Path-SGD when dropout is used during training?...
❌ Input element not found. Retrying in 5 seconds...
❌ Skip: Could not find input text area.
🔄 Starting a fresh chat session to prevent context drift and browser lag...
⚠️ Failed to open fresh chat: Page.goto: Target page, context or browser has been closed

[843/1170] Generating answer for: 1506.02617_Q12
  Q: According to Equation (1), how is the rescaling function applied to edges entering and leaving a sel...
❌ Input element not found. Retrying in 5 seconds...
❌ Skip: Could not find input text area.
🔄 Starting a fresh chat session to prevent context drift and browser lag...
⚠️ Failed to open fresh chat: Page.goto: Target page, context or browser has been closed

[844/1170] Generating answer for: 1506.02626_Q01
  Q: What are the three sequential stages of the proposed network pruning method, and why is the final st...
❌ Input element not found. Retrying in 5 seconds...
❌ Skip: Could not find input text area.
🔄 Starting a fresh chat session to prevent context drift and browser lag...
⚠️ Failed to open fresh chat: Page.goto: Target page, context or browser has been closed

[845/1170] Generating answer for: 1506.02626_Q05
  Q: According to Figure 1, why is reducing memory accesses a major motivation for pruning neural network...
❌ Input element not found. Retrying in 5 seconds...
❌ Skip: Could not find input text area.
🔄 Starting a fresh chat session to prevent context drift and browser lag...
⚠️ Failed to open fresh chat: Page.goto: Target page, context or browser has been closed

[846/1170] Generating answer for: 1506.02626_Q09
  Q: According to Table 1, what compression rates are achieved for AlexNet and VGG-16 without sacrificing...
❌ Input element not found. Retrying in 5 seconds...
❌ Skip: Could not find input text area.
🔄 Starting a fresh chat session to prevent context drift and browser lag...
⚠️ Failed to open fresh chat: Page.goto: Target page, context or browser has been closed

[847/1170] Generating answer for: 1506.02626_Q13
  Q: Using Equation (2), if a layer retains one quarter of its original connections after pruning and the...
❌ Input element not found. Retrying in 5 seconds...
❌ Skip: Could not find input text area.
🔄 Starting a fresh chat session to prevent context drift and browser lag...
⚠️ Failed to open fresh chat: Page.goto: Target page, context or browser has been closed

[848/1170] Generating answer for: 1506.03011_Q02
  Q: Why is minimizing feature-space curvature alone insufficient for learning useful representations, an...
❌ Input element not found. Retrying in 5 seconds...
❌ Skip: Could not find input text area.
🔄 Starting a fresh chat session to prevent context drift and browser lag...
⚠️ Failed to open fresh chat: Page.goto: Target page, context or browser has been closed

[849/1170] Generating answer for: 1506.03011_Q06
  Q: What are the principal components of the prediction architecture illustrated in Figure 2, and what l...
❌ Input element not found. Retrying in 5 seconds...
❌ Skip: Could not find input text area.
🔄 Starting a fresh chat session to prevent context drift and browser lag...
⚠️ Failed to open fresh chat: Page.goto: Target page, context or browser has been closed

[850/1170] Generating answer for: 1506.03011_Q10
  Q: How does the prediction module differ between Deep Architecture 1 and Deep Architecture 2 in Table 1...
❌ Input element not found. Retrying in 5 seconds...
❌ Skip: Could not find input text area.
🔄 Starting a fresh chat session to prevent context drift and browser lag...
⚠️ Failed to open fresh chat: Page.goto: Target page, context or browser has been closed

[851/1170] Generating answer for: 1506.03011_Q14
  Q: What role does the latent variable δ play in Equation (6), and how is its influence constrained?...
❌ Input element not found. Retrying in 5 seconds...
❌ Skip: Could not find input text area.
🔄 Starting a fresh chat session to prevent context drift and browser lag...
⚠️ Failed to open fresh chat: Page.goto: Target page, context or browser has been closed

[852/1170] Generating answer for: 1506.03134_Q03
  Q: What common architecture and optimization hyperparameters were used across all Pointer Network exper...
❌ Input element not found. Retrying in 5 seconds...
❌ Skip: Could not find input text area.
🔄 Starting a fresh chat session to prevent context drift and browser lag...
⚠️ Failed to open fresh chat: Page.goto: Target page, context or browser has been closed

[853/1170] Generating answer for: 1506.03134_Q07
  Q: What does Figure 2(b) illustrate about the representation of Delaunay triangulations in Pointer Netw...
❌ Input element not found. Retrying in 5 seconds...
❌ Skip: Could not find input text area.
🔄 Starting a fresh chat session to prevent context drift and browser lag...
⚠️ Failed to open fresh chat: Page.goto: Target page, context or browser has been closed

[854/1170] Generating answer for: 1506.03134_Q11
  Q: According to Table 2, how does the Pointer Network trained on A1-generated data compare with algorit...
❌ Input element not found. Retrying in 5 seconds...
❌ Skip: Could not find input text area.
🔄 Starting a fresh chat session to prevent context drift and browser lag...
⚠️ Failed to open fresh chat: Page.goto: Target page, context or browser has been closed

[855/1170] Generating answer for: 1506.03134_Q15
  Q: How is the attention formulation adapted in the Pointer Network equations to model output probabilit...
❌ Input element not found. Retrying in 5 seconds...
❌ Skip: Could not find input text area.
🔄 Starting a fresh chat session to prevent context drift and browser lag...
⚠️ Failed to open fresh chat: Page.goto: Target page, context or browser has been closed

[856/1170] Generating answer for: 1506.03340_Q04
  Q: According to the conclusion, what do the authors identify as the key contributor to the strong perfo...
❌ Input element not found. Retrying in 5 seconds...
❌ Skip: Could not find input text area.
🔄 Starting a fresh chat session to prevent context drift and browser lag...
⚠️ Failed to open fresh chat: Page.goto: Target page, context or browser has been closed

[857/1170] Generating answer for: 1506.03340_Q08
  Q: Based on Figure 5, how does increasing document length affect aggregated model precision?...
❌ Input element not found. Retrying in 5 seconds...
❌ Skip: Could not find input text area.
🔄 Starting a fresh chat session to prevent context drift and browser lag...
⚠️ Failed to open fresh chat: Page.goto: Target page, context or browser has been closed

[858/1170] Generating answer for: 1506.03340_Q12
  Q: According to Equation (1), what conditional probability is the learning objective designed to estima...
❌ Input element not found. Retrying in 5 seconds...
❌ Skip: Could not find input text area.
🔄 Starting a fresh chat session to prevent context drift and browser lag...
⚠️ Failed to open fresh chat: Page.goto: Target page, context or browser has been closed

[859/1170] Generating answer for: 1506.03767_Q01
  Q: What are the two main contributions introduced by the paper for convolutional neural networks, and w...
❌ Input element not found. Retrying in 5 seconds...
❌ Skip: Could not find input text area.
🔄 Starting a fresh chat session to prevent context drift and browser lag...
⚠️ Failed to open fresh chat: Page.goto: Target page, context or browser has been closed

[860/1170] Generating answer for: 1506.03767_Q05
  Q: According to Figure 1, what relationship do rays in the frequency-domain representation have with ed...
❌ Input element not found. Retrying in 5 seconds...
❌ Skip: Could not find input text area.
🔄 Starting a fresh chat session to prevent context drift and browser lag...
⚠️ Failed to open fresh chat: Page.goto: Target page, context or browser has been closed

[861/1170] Generating answer for: 1506.03767_Q09
  Q: According to Table 1, what test error does the spectral pooling model achieve on CIFAR-10 without da...
❌ Input element not found. Retrying in 5 seconds...
❌ Skip: Could not find input text area.
🔄 Starting a fresh chat session to prevent context drift and browser lag...
⚠️ Failed to open fresh chat: Page.goto: Target page, context or browser has been closed

[862/1170] Generating answer for: 1506.03767_Q13
  Q: How does Equation (2) justify using frequency-domain truncation for spectral pooling?...
❌ Input element not found. Retrying in 5 seconds...
❌ Skip: Could not find input text area.
🔄 Starting a fresh chat session to prevent context drift and browser lag...
⚠️ Failed to open fresh chat: Page.goto: Target page, context or browser has been closed

[863/1170] Generating answer for: 1506.04834_Q02
  Q: How are sentence pairs partitioned for training and evaluation, and why is this partitioning importa...
❌ Input element not found. Retrying in 5 seconds...
❌ Skip: Could not find input text area.
🔄 Starting a fresh chat session to prevent context drift and browser lag...
⚠️ Failed to open fresh chat: Page.goto: Target page, context or browser has been closed

[864/1170] Generating answer for: 1506.04834_Q06
  Q: Based on Figure 1(b), how is recursive composition performed in the tree-structured sentence models?...
❌ Input element not found. Retrying in 5 seconds...
❌ Skip: Could not find input text area.
🔄 Starting a fresh chat session to prevent context drift and browser lag...
⚠️ Failed to open fresh chat: Page.goto: Target page, context or browser has been closed

[865/1170] Generating answer for: 1506.04834_Q10
  Q: How does Table 1 illustrate the recursive nature of the artificial language used in the experiments?...
❌ Input element not found. Retrying in 5 seconds...
❌ Skip: Could not find input text area.
🔄 Starting a fresh chat session to prevent context drift and browser lag...
⚠️ Failed to open fresh chat: Page.goto: Target page, context or browser has been closed

[866/1170] Generating answer for: 1506.04834_Q14
  Q: Why is the tensor interaction introduced in Equation (2) expected to provide greater expressive powe...
❌ Input element not found. Retrying in 5 seconds...
❌ Skip: Could not find input text area.
🔄 Starting a fresh chat session to prevent context drift and browser lag...
⚠️ Failed to open fresh chat: Page.goto: Target page, context or browser has been closed

[867/1170] Generating answer for: 1506.05254_Q03
  Q: What differentiability condition is required for the main gradient theorem to hold?...
❌ Input element not found. Retrying in 5 seconds...
❌ Skip: Could not find input text area.
🔄 Starting a fresh chat session to prevent context drift and browser lag...
⚠️ Failed to open fresh chat: Page.goto: Target page, context or browser has been closed

[868/1170] Generating answer for: 1506.05254_Q07
  Q: What transformation from stochastic to deterministic computation is illustrated in Figure 2?...
❌ Input element not found. Retrying in 5 seconds...
❌ Skip: Could not find input text area.
🔄 Starting a fresh chat session to prevent context drift and browser lag...
⚠️ Failed to open fresh chat: Page.goto: Target page, context or browser has been closed

[869/1170] Generating answer for: 1506.05254_Q11
  Q: Which numbered table summarizes hyperparameters or benchmark datasets used in the experiments?...
❌ Input element not found. Retrying in 5 seconds...
❌ Skip: Could not find input text area.
🔄 Starting a fresh chat session to prevent context drift and browser lag...
⚠️ Failed to open fresh chat: Page.goto: Target page, context or browser has been closed

[870/1170] Generating answer for: 1506.05254_Q15
  Q: According to Equation (29), what quantity multiplies the policy score-function term in the REINFORCE...
❌ Input element not found. Retrying in 5 seconds...
❌ Skip: Could not find input text area.
🔄 Starting a fresh chat session to prevent context drift and browser lag...
⚠️ Failed to open fresh chat: Page.goto: Target page, context or browser has been closed

[871/1170] Generating answer for: 1506.05751_Q04
  Q: How was the human evaluation experiment designed to compare generated and real CIFAR10 images?...
❌ Input element not found. Retrying in 5 seconds...
❌ Skip: Could not find input text area.
🔄 Starting a fresh chat session to prevent context drift and browser lag...
⚠️ Failed to open fresh chat: Page.goto: Target page, context or browser has been closed

[872/1170] Generating answer for: 1506.05751_Q08
  Q: What conclusion can be drawn from Figure 6 regarding human perception of LAPGAN-generated images?...
❌ Input element not found. Retrying in 5 seconds...
❌ Skip: Could not find input text area.
🔄 Starting a fresh chat session to prevent context drift and browser lag...
⚠️ Failed to open fresh chat: Page.goto: Target page, context or browser has been closed

[873/1170] Generating answer for: 1506.05751_Q12
  Q: What optimization objective is defined by Equation (1), and what roles do the generator and discrimi...
❌ Input element not found. Retrying in 5 seconds...
❌ Skip: Could not find input text area.
🔄 Starting a fresh chat session to prevent context drift and browser lag...
⚠️ Failed to open fresh chat: Page.goto: Target page, context or browser has been closed

[874/1170] Generating answer for: 1506.05869_Q01
  Q: What core conversational modeling approach is proposed in the paper, and what key advantage do the a...
❌ Input element not found. Retrying in 5 seconds...
❌ Skip: Could not find input text area.
🔄 Starting a fresh chat session to prevent context drift and browser lag...
⚠️ Failed to open fresh chat: Page.goto: Target page, context or browser has been closed

[875/1170] Generating answer for: 1506.05869_Q05
  Q: How was the OpenSubtitles dataset converted into conversational training examples despite ambiguous ...
❌ Input element not found. Retrying in 5 seconds...
❌ Skip: Could not find input text area.
🔄 Starting a fresh chat session to prevent context drift and browser lag...
⚠️ Failed to open fresh chat: Page.goto: Target page, context or browser has been closed

[876/1170] Generating answer for: 1506.05869_Q09
  Q: According to Figure 1, what mapping is learned by the seq2seq conversational model for a two-turn co...
❌ Input element not found. Retrying in 5 seconds...
❌ Skip: Could not find input text area.
🔄 Starting a fresh chat session to prevent context drift and browser lag...
⚠️ Failed to open fresh chat: Page.goto: Target page, context or browser has been closed

[877/1170] Generating answer for: 1506.05869_Q13
  Q: What aspect of the seq2seq framework shown in Figure 1 enables end-to-end training without handcraft...
❌ Input element not found. Retrying in 5 seconds...
❌ Skip: Could not find input text area.
🔄 Starting a fresh chat session to prevent context drift and browser lag...
⚠️ Failed to open fresh chat: Page.goto: Target page, context or browser has been closed

[878/1170] Generating answer for: 1506.05908_Q02
  Q: Why does the model use random low-dimensional vectors instead of one-hot encodings for datasets with...
❌ Input element not found. Retrying in 5 seconds...
❌ Skip: Could not find input text area.
🔄 Starting a fresh chat session to prevent context drift and browser lag...
⚠️ Failed to open fresh chat: Page.goto: Target page, context or browser has been closed

[879/1170] Generating answer for: 1506.05908_Q06
  Q: What does Figure 2 illustrate about the inputs and outputs of the recurrent neural network used for ...
❌ Input element not found. Retrying in 5 seconds...
❌ Skip: Could not find input text area.
🔄 Starting a fresh chat session to prevent context drift and browser lag...
⚠️ Failed to open fresh chat: Page.goto: Target page, context or browser has been closed

[880/1170] Generating answer for: 1506.05908_Q10
  Q: Using Table 1, which dataset contains the largest number of student responses, and how many answers ...
❌ Input element not found. Retrying in 5 seconds...
❌ Skip: Could not find input text area.
🔄 Starting a fresh chat session to prevent context drift and browser lag...
⚠️ Failed to open fresh chat: Page.goto: Target page, context or browser has been closed

[881/1170] Generating answer for: 1506.05908_Q14
  Q: What role does Equation (1) play in the recurrent neural network model used for Deep Knowledge Traci...
❌ Input element not found. Retrying in 5 seconds...
❌ Skip: Could not find input text area.
🔄 Starting a fresh chat session to prevent context drift and browser lag...node:events:487
      throw er; // Unhandled 'error' event
      ^

Error: write EPIPE
    at afterWriteDispatched (node:internal/stream_base_commons:159:15)
    at writeGeneric (node:internal/stream_base_commons:150:3)
    at Socket._writeGeneric (node:net:1026:11)
    at Socket._write (node:net:1038:8)
    at writeOrBuffer (node:internal/streams/writable:570:12)
    at _write (node:internal/streams/writable:499:10)
    at Writable.write (node:internal/streams/writable:508:10)
    at PipeTransport.send (/Users/nanibayanaboina2750/Desktop/research-rag-assistant/rag/lib/python3.14/site-packages/playwright/driver/package/lib/coreBundle.js:34369:25)
    at dispatcherConnection.onmessage (/Users/nanibayanaboina2750/Desktop/research-rag-assistant/rag/lib/python3.14/site-packages/playwright/driver/package/lib/coreBundle.js:67801:59)
    at DispatcherConnection.dispatch (/Users/nanibayanaboina2750/Desktop/research-rag-assistant/rag/lib/python3.14/site-packages/playwright/driver/package/lib/coreBundle.js:18366:16)
Emitted 'error' event on Socket instance at:
    at emitErrorNT (node:internal/streams/destroy:170:8)
    at emitErrorCloseNT (node:internal/streams/destroy:129:3)
    at process.processTicksAndRejections (node:internal/process/task_queues:90:21) {
  errno: -32,
  code: 'EPIPE',
  syscall: 'write'
}

Node.js v24.17.0
